role,path,bytes,sha256
submission documentation,CODE_README.md,2045,1359461d18601253d100b5ea5313487632ab0d00ef671a36a20f1864f4d03176
finite length certificates,N31_global_certificate.json,34696,e4e32dc3595bcaf18ee48df8c95152187c3944d6a61e6980b6efcc3c87d57caf
submission documentation,REPRODUCIBILITY_README.md,19304,a5a651a7ed95eed238412445ae391ad791d991bdee7c25837400da1961c6d3e7
submission documentation,author_metadata_checklist.md,869,9cc42bc90b21750ebe84c7b392e73d575d9975e0e81fb5cd75a859c616c4f26c
numerical context,branch_probability.csv,5138,b1ac2a1e7fe41f8c0e5737841ab47ba2dde09eaae6bd6309db1885be31d3a7d8
submission documentation,certificate_archive_index.md,2589,93334874c9f5cb44da76e574fc32358cf045677c1928158627b744b5097f1b83
finite length certificates,certificate_replay_comparison.csv,73447,bcb7b538ff18c99d00ae32599cd0b9d6eb7adb6d2aae8cfb8cf0ced265b8c25e
finite length certificates,certificate_replay_report.md,4406,f5aa756d7291c59693f476b72c28850b9dbe7565061fb60fa9b2b41bddf6a24a
continuum and threshold certificates,continuum_global_certificate.json,1644,dcacb366a1a36e65541e216632a178989ec13dbade65522ff12fd587323f785a
anonymous manuscript,continuum_vs_finiteN_figure.pdf,18264,768bb3b3dd89198afc693490c287aa7ae00bb5c4b18a2a0604ba31e3936cc380
submission documentation,cover_letter_factual_summary.md,1427,57bd6a21a3413a2560a8859453579912fb27d70330b944162450006512bd9c84
continuum and threshold certificates,explicit_N0_certificate.json,4465,b5fd6cfd4587c193ee5b2e4a35d3bda259bfc7c2f04f4725ba4c107eb438854f
submission documentation,final_hostile_review.md,4625,ce5fd56221d3f60ccd283b55bca95bf330756b7c45d8eb404207c86a0c379c58
submission documentation,final_submission_blockers.md,1743,fd552e1e1dc227582f402b8d644d9437a874ada73b80846f750fc5a4e16e4a2d
continuum and threshold certificates,independent_N0_replay.csv,4277615,68edbf8658593752f264e53d3077997cb60b586c9196593bcda47f7ed1c89609
continuum and threshold certificates,independent_N0_replay.json,2692,ffe5338d5a9f96ffb0095fc14e726379edbd996a5ae84634f62c19fb0fcdd9be
continuum and threshold certificates,independent_N0_replay.md,6328,3b95c138d2baa7360fa905763ffc319446cb57382bc3daad014b62926a51b6f1
asymptotic derivation and validation,lambdaN_asymptotic_theorem.md,2898,a523f334e6383b9421e5c676ba09b5286236056a2bd875ae308b97d918b45fc0
asymptotic derivation and validation,lambdaN_asymptotics.csv,2305,264200ffb9705aa06be7d3858e970a3464baf615aa37e81c207a515b0ac507d9
asymptotic derivation and validation,lambdaN_largeN_data.csv,2754,bbcaace02ec3a6db6deb818f36beb94c7f7fd8ed4b10d6d7f019faab4721f034
asymptotic derivation and validation,lambdaN_residual_scaling.csv,2226,970711ceda1fb91bb4258cbce014d8dec8112e1262b2820297cbadf710b78ae6
asymptotic derivation and validation,lambda_asymptotic_independent_check.md,3318,998d37bf0bbaec503d72efd0fddb0f5cd75b643d8a2a847eaf8709a69a0f493c
asymptotic derivation and validation,largeN_expansion_derivation.md,3828,3f41187a38deec6d78f138f3f0161693fed59e791994728e937aff8c9263d507
asymptotic derivation and validation,largeN_theory_vs_data.pdf,20506,5b0e136bc6e7035ee649b3bb1e3bbcfc7a33eacf1e7bd64276961f0780f97d9a
numerical context,noise_branch_trials.csv,3215745,245b0f6b697381e8c6b7ff23b909b000d178b5b4cd9a961572ad0569a630e899
numerical context,noise_model_fit.csv,8319,c149d8fad9e94b3fb37cbb016cddd17468bc6df793d392c1f509a83a252e2b08
submission documentation,paper/CURRENT_VERSION.md,1458,48114857174f04bdc65975d500d28fdaf9a852a8df477f2a03f584bf6a459bd2
anonymous manuscript,paper/figures/fig1_continuation.pdf,16801,84d8af3ff8b07f7fb3a61a983797e95641b6b14bfd10313883582b8d55d70891
anonymous manuscript,paper/figures/fig2_objective.pdf,90851,18e671763997019a02b6a7b7b0e0fc44bb289674365e13dc113fb79edf03f290
anonymous manuscript,paper/figures/fig3_critical_law.pdf,15989,8f6ef11c7307b9a0b20ac6d2f1b4cbed6136a1ff7ad93c12bec42ae15c217d7c
anonymous manuscript,paper/figures/fig7_phase_resolution.pdf,27690,277a78c9f4f5353a94dac5199f0bc95a334173c78dcb95c4996c441b81bac8c9
anonymous manuscript,paper/main_tsp_reviewfriendly.pdf,478311,d780b41066eeeb19d6bf2d907043eb2df907146300dd1e46c285ae6942840220
anonymous manuscript,paper/main_tsp_reviewfriendly.tex,605,aaedd10029f526acd14e108fec59fabe5e7396d780be37c34ad3cdde347496e2
anonymous manuscript,paper/refs.bib,6270,ffd7d94e30e50434c15e359ae8d4344274df0497ffd9d8fb1e9271a3e402380c
anonymous manuscript,paper/sections/body_reviewfriendly.tex,38930,e31dc8e691cb1182a4ba6be530a128babd877327d2b919afac335de549db70ea
anonymous manuscript,paper/sections/continuum_stage14.tex,4133,b9d29ab36201580d2f6aa779d6a112131bf0af80ea995e82ac32073239bc0147
anonymous manuscript,paper/sections/evidence_table.tex,1869,855f6362469a1bdcc6362559bd32382ddec818efe84fe251bfddfd4eaedfcc86
anonymous manuscript,paper/sections/main_certificate_table_10page.tex,763,b13b656c5bc517fd5fe4f91988300b387a25ac991600c62adbfa7499c1ce6652
numerical context,phase_crossing_map.csv,12497,d42ae5231fd3c17d6a1dabb10f3ef2e7151be13aa134633bddba9af9970e6e2b
numerical context,resolution_sweep.csv,4497,48153828d1b7163ae98fcd66185486da85ffdfda07d720d82171a05987afabfa
finite length certificates,stage12_generalN/N11_certificate.json,16129,97d51f7be0ceaa7dae273e0c5c6d90aa7f714249c0682c4c022ca783f4407ecb
finite length certificates,stage12_generalN/N15_certificate.json,20394,cf1f8065e11c40f70414fbd6985874257ee5bcdee7d5891e863c7638afdd612c
finite length certificates,stage12_generalN/N21_certificate.json,26733,bf9c60fec2aec115466bc8c04c87274df3cff60b9f6ae9de71d4613c62c2196b
finite length certificates,stage12_generalN/N31_certificate.json,37372,b3b1111938815d637b6cf66058d7fa9122bd06392f42e9bcee4fa54be7105ef9
finite length certificates,stage12_generalN/N41_certificate.json,48065,ddc906b23b558bc6bb5b63bfebaefe6e640f87c54a861e68d88a02f629aff15c
asymptotic derivation and validation,stage14_asymptotic_coefficients.json,606,45e85e7aeb099aa74f9e11d72661f27af3863f1392b3f42b805f95d4f6e65a93
asymptotic derivation and validation,stage14_asymptotics.py,4864,1685b78af1e6ec47d4fb53ce5c7ee3c9ef46a83a3847aaa212924f15454cc5db
continuum and threshold certificates,stage14_continuum_candidate.json,1118,2f0790b7101783d05a68ae0e84c51256d585655b9117f8db0d5b857988b7b8f9
continuum and threshold certificates,stage14_continuum_endpoint_interval.json,2263,c483c7c1a73f5cef0f52344001887a0c4d1270c920b284d9d445b84a6e886c56
continuum and threshold certificates,stage14_continuum_global_partition.csv,1309298,fbbd7c1bb802ce2e2d16c46a438d4a9f4be7f347809a44f51dfa9c72eeafa3e5
continuum and threshold certificates,stage14_continuum_global_replay.json,505,ef916447b24cacf5201e5634277e4385957b4484ddc95184d751ca85fd05db5c
continuum and threshold certificates,stage14_continuum_local_interval.json,3378,75f267b2525171efba34b7b93889a6f1ccb1d964c7e76087bd1f37fed45629dd
asymptotic derivation and validation,stage15_asymptotic_data.py,2942,d1a23e9cd6d66d4ac5ddb7dad3cd002b383da27eafbc5530d804b5a29ada561c
continuum and threshold certificates,stage15_finalize_certificate.py,5214,2edf762a03f787f9156d5488877dd397638c27e3cf7cedcb8b2cbd8fd63bb219
continuum and threshold certificates,stage15_interval_trial_N35377.json,3511,f5f69a2354a23a5ad0e6419d9bc00d6132735cbef4a13ffa6869e41e0ca21ea6
continuum and threshold certificates,stage15_uniform_interval.py,8897,fbec4bac781972d962babbf503c52e00a6a716981f2fb84b351e1986d8f01a60
submission documentation,stage16_artifact_manifest.py,3563,9279c1a932bb67d627533f307ce9b37c4810876c6be3af01de23d2f8896cf28c
continuum and threshold certificates,stage16_independent_arb.py,15428,631180147be0603aa598e51f930791b7a4fea8dde217bf1bf76f2b8ab6f507bd
asymptotic derivation and validation,stage16_residual_scaling.csv,3721,ec67c9062ebe768548375e5aec9eed362feae8962d393e3be2ef22a38010b71a
asymptotic derivation and validation,stage16_symbolic_asymptotics.json,1325,b4fbf6326d1060cf1a326d5b49ee124a7ed2abc077a93c5117ff55cf820d1229
asymptotic derivation and validation,stage16_symbolic_asymptotics.py,4162,f358cb0217663bc8dbb953a5cec8a177952ee20490bffc62459623e2d31c6d6b
supplement,supplement/S1_complete_local_proof.tex,13377,c2410f5bf77573ee5d4014963ed89c2282adf7af3df8dc35790b9496f4e5ae5e
supplement,supplement/S1b_continuum_largeN.tex,6787,b98d2609aa8f4eed5a59dfd84506af887c2a96654e1469d94c47f28ea5ca9118
supplement,supplement/S2_interval_certificate_protocol.tex,5607,823251301c1e05d89b186e90c1fcde372d33fc45bdcd144dbe28bb699f39f5f3
supplement,supplement/S3_certificate_tables.tex,1146,66752f0b54b17aac4e9525c3d658d321b98ecab707a3fd85be9343223f5cc24b
supplement,supplement/S4_extended_generality.tex,2144,8215105ce0f705758d7630d79303e2fa3ec4eb38a43a9a35d46d5ca88e44e37e
supplement,supplement/S5_independent_replay.tex,613,58d095f7972f20fd88565d9aa74c98110733849776cc1d58b31a4fda6be0fd5c
supplement,supplement/supplement.pdf,270438,8277ddc8347408109c750e536c4b48b7f38ef0bce37cf4ad3508fc9fe3867fe0
supplement,supplement/supplement.tex,1382,80136da340eb6888646cd820a44bfc34051bc7c137f3a82f492b7a8dc39eb913
numerical context,transition_width.csv,359,1f28fbdb8fc1aea5c7a4ef7cfd7e56128763ce476fc6d13e43a757b89aa51478
finite length certificates,validated_globality_certificate.json,23992,a3d6c4e381a21a7fa75ccd362d5a6a8478d1c14d24b680d1222da747b54aabb3
