path,bytes,sha256
paper/main_tsp_reviewfriendly.tex,714,1567488939b946acd4d93a23facb4bed44366c9fbf094f26fcfbaab7b2e44372
paper/main_tsp_reviewfriendly.pdf,523205,0dbcae3b67c0bc7ff58926ffe14c7db18901de60d9eef2ba2c6c8616dc6e4c62
paper/refs.bib,7659,cf6cf9232705e9c5050034502fb9a4c6ee06e5eafc6a58288bde42553875ea3c
paper/sections/body_reviewfriendly.tex,45072,539e621cb0181200071533ea5049ed09973d9ae4556693ed3cdfae7f5fc05d1b
paper/sections/continuum_stage14.tex,4028,b80bfdafe0103c9fde678472ddd3e1a101d2e57d4cdc59c681d7e985a3738228
paper/sections/evidence_table.tex,2463,469a301679b9500f4edaedc4cd4cf5f01d05c5408ed74a8a6eb271dce8a898af
paper/sections/crossN_table.tex,697,a4f9583f25d8ee761b3b94fae02478812e88bc535bddda4066a907068850cc9a
paper/sections/robustness_table.tex,1949,11d8c53bdfc3ec0f8bf64fdf6137ecdee6060ace15e568ee7f95006fd803ebc5
paper/sections/noise_table.tex,1133,ac91de8c4e80240a612bbb33fc164f3b9e11cfd5141c3f47ee6a2ef2aef6f55a
paper/figure_scripts/make_revision_figures.py,19131,b4eb79a1e2f07311109eb6e8dacb4b0af8049832400f29c56ea154a2cdb8165e
paper/validate_reviewfriendly.py,4060,83626627106f19b00d922344a1cad8b78e0c71ce93debccf9594186e3858fd90
paper/figures/fig1_continuation.pdf,21854,6eee42753408294296674a9caa8440781dba68b4acb1c5c975c0cd41b5a134dc
paper/figures/fig2_tangent_landscape.pdf,24229,3497294cf83bd9d24ac9a962f717575c63a4d0ec3c767d359947d0fd3c271766
paper/figures/fig3_largeN_fixed_geometry.pdf,27157,ca330963e2b6ac860d1c84d554ce832b560ebcdaffd8c018957d465d3011dd5c
paper/figures/fig4_z_law.pdf,23160,d89e0dd5b92baf5bbef2494763e7fca06da50e65b1ba999b7c9ad0dfcb5f4332
paper/figures/fig5_robustness.pdf,30231,c8d08421e5ceb4a9bbfc69e0ee0a4f2b43b174ffb1a125039f079953bb6352bc
paper/figures/fig6_phase_regimes.pdf,33643,9699421bef0a6bc834c9933f136901fc0732ab8e9adffdd4cf52d7c95ef74fa0
paper/figures/fig7_noise_local_global.pdf,36158,651229e09b835259ae19eba18f5e0b3fd353ff87d3572d2bde91a275ad112ff7
paper/REVISION_NOTES.md,37575,2ff2bb9099831dea6d8a57c8e5e001fa1f755ba1c11118917c6160118f4448d7
paper/FINAL_TSP_SELF_REVIEW.md,14692,ae308f4f28ab41a3efddcd099765b491e075a4c66d3a8ff9c9e18b877436172d
paper/CURRENT_VERSION.md,2466,83b42728fcb59ad7fac812bed3c761ac31c9d13448ba2a44c4392bf0456ed8b0
paper/stage24_freeze_diff.json,4641,9c2aae94eeb08ff95ae5dc8e0ce968e44c252f688ef9529c4c20a2fe449c149c
supplement/supplement.tex,2136,1a4ae52f3475a8b2b3c0e9483b8e3c610605064de7e05674eda72ecabc608c71
supplement/supplement.pdf,479454,95a3fdacdbafb9958ba8aee855612bef779263d360d0b02152a8cfb2ecd909b8
supplement/S1_complete_local_proof.tex,13698,3435ef18fcd061e848c347b900828f7f9df7757723bfea82a7b516f75e0e6491
supplement/S1b_continuum_largeN.tex,7692,68487812ad17fe1786d4c897b198fd22d2116485335b9296de0ec33f700416bb
supplement/S2_interval_certificate_protocol.tex,6652,7b8e6cb33dabd07351422761f5e19ac413b23ee82cb67fe37a73726a672f6244
supplement/S3_certificate_tables.tex,1307,96e818edcd5441a768f7c52f63c81b37ea86377ea8373dc5851ba72e763ef259
supplement/generalN_certificate_table.tex,1206,f58b8f9dbe0d99f1ffbc6f08a4055c60ec421b234558e1b2d62c58f8ac0c2901
supplement/S4_extended_generality.tex,7139,1c65800742fb50e166300c611a51a85bcdff7957e05ecb33ab1d58d66ed9e4db
supplement/S5_independent_replay.tex,1760,18af1807c1714c80b0396a554b99ddc5594c56759fe5f6d38a3a1409869ab92b
supplement/S6_strong_pair_phase.tex,8707,6b12ace6f8aad3125bc7d6d73e8f23db633a69c4fecfb41920dac141d9ca7d05
supplement/S7_noise_methods.tex,6040,1b1c4c35787a8f12c857a20af721b702b28b5e2ece77570ca42fec4b4a391b9f
supplement/S7_noise_table.tex,4169,5fb5eec07b957c803e9328d33c673102e24dee426d4dce5f5a548d65ebfff2bb
supplement/S8_reproducibility_provenance.tex,6800,a5e839e044c1ba157b9d01804f0fb2c3bcd082d2463da70413217fdc932fe519
supplement/figures/figS1_weak_phase_resolution.pdf,27690,277a78c9f4f5353a94dac5199f0bc95a334173c78dcb95c4996c441b81bac8c9
supplement/figures/figS2_window_branches.pdf,60532,7bb1f3b9723a197fa7c5bc61449b871fb1ff781b7022ef4f3e2bfff4c51b6914
supplement/figures/figS3_posthoc_fixed_delta.pdf,27446,892a8a1f6ece9e4fb0fa9cd88f4d356907fec07e21e7756c74973d8a1bd12b48
supplement/figures/figS4_noise_distributions.pdf,25467,f41198bfe48db318516b9b4356bab9f44f5548f1ecbddae352a8083d4a926bbf
REPRODUCIBILITY_README.md,43919,57a0e09601cc0ee094a534e18ef0f5a0d95128f01b89940a0d2881fa5a81ceb8
final_submission_readiness.md,6664,53f82a32c3cf6411bfc1bf4cee011e164b1edbbf821f4f11d37f2ef1100194f8
paper/FINAL_CHANGED_FILES_AUDIT.md,13397,b76b31fee056ca360266a2d0fe82300a407757505320c0cc4d32e19049dcc88d
paper/freeze_records/integrity_check_end_of_validation.json,160,34d71429b09c0b40b0958d41ff89407075c63876d75087c529ac1d308791e6d8
paper/freeze_records/integrity_check_run1.json,1506,d1a3e4c1c7d4a6edc4d3af6d09ca40ab1e3287aeb59dee1545688a7c4c3e58ab
paper/freeze_records/integrity_check_final.json,1506,9cb7bfc506f43aeae3f7ed93db88b8c7f7cb1a38394076a698316c6ee27007e6
paper/freeze_records/tools/audit_sentences.py,1890,cbb80bac9c289b95168227559ee4a20125edf603937f625c38a5fd8b170c3c3a
paper/freeze_records/tools/kcheck.py,2436,c3916958da29f30bca7469868b029af4d43cb4d5ce0ef43e86e0391b39fba764
paper/freeze_records/tools/freeze_diff.py,1884,da0cb7ce33679a717549bf5e454851aa586491f373db3e7070f2b609c5d681e7
paper/freeze_records/tools/inventory.py,2042,da3c490d2b8a9bd25bacf0aacffef37ddf942d82481502c5e71c9afcd0cef074
paper/freeze_records/tools/make_manifest.py,2829,5d552fa050e8fe181c26def698161c1a715569b9ca56d91b8a801de35d52de70
paper/freeze_records/tools/make_changed_files_audit.py,11928,632140a477aa769f838bdd7bf9da0c9479df2c4a3b3b00911a93e75f0309e9b1
