condition,continuum_margin,finite_uniform_lower_at_N10001,erosion_upper,retained_fraction,analytic_kernel_tail_upper_at_N10001,sufficient_joint_odd_N_floor,condition_specific_minimum,smallest_tested_predicate_sufficient_odd_floor,lower_trial_evidence
C1/C4 joint root inclusion and equality,strict Krawczyk inclusion,inclusion true; contraction upper 0.142794,not scalar,not scalar,4.846e-46,10001,not optimized,5001,fails at 1501; passes at 5001
C1 tangent Gram factors,strictly positive,A > 0.23505228; B > 0.92073167,not scalar,not scalar,4.846e-46,10001,not optimized,1501,passes at 1501
C2 curvature,0.000133682,0.000124581950996601076319249619900349888943333416253785027119894024239124346757,9.10004900339894e-6,0.931927641691485,4.846e-46,10001,not optimized,1501,passes at 1501
C3 satellite coefficient,0.0644229455,0.0644228258777769744694766034193653388607887475906032410509106484818363329207,1.1962222301598e-7,0.999998143173646,4.846e-46,10001,not optimized,1501,passes at 1501
C5 transversality,0.1078175136,0.107812705393370035814961716247994125978616693805375013513119008310663500343,4.80820662995818e-6,0.999955404215239,4.846e-46,10001,not optimized,1501,passes at 1501
C6 regular cost,0.000000006281428732256794875,0.00000000465368854679021422306129382085666643026375537342997415484797542521490470387,1.62774018546658e-9,0.740864657572615,4.846e-46,10001,not optimized,10001,full partition fails at 5001; passes after targeted refinement at 10001
C6 derivative sign,0.000000001339436331021652144,0.00000000543958700761031783042034439465948224392697672889029691157121825307944562929,0.0,4.06110158551641,4.846e-46,10001,not optimized,10001,full C6 partition fails at 5001; passes after targeted refinement at 10001
C6 monotone cell,0.000000003793579161565239847,0.000000000412411316746002379100057428705845159268301666923817594555844407852652351029,3.38116784481924e-9,0.108712985595334,4.846e-46,10001,not optimized,10001,full C6 partition fails at 5001; passes after targeted refinement at 10001
C7 coalescent,0.0008511681673580126948230596234041332452,0.000851154211698329512234936557537087805687724124824032211835650386699786133495,1.39556596831037e-8,0.999983604109953,4.846e-46,10001,not optimized,1501,passes at 1501
C8 finite-period tail,0.0037492892323564881493884541052232812113,0.00313564906296718819640160710076853271723861111509466943121940569191524058195,0.0006136401693893,0.836331600108745,4.846e-46,10001,not optimized,1501,passes at 1501
