file,location,quantity,classification,data_flow
three_to_two_tone_stage3_full_crossings.py,module ref / baseline imports,stage3_tangent_reference.json; stage2_reference.json,harmless plotting/metadata,"baseline unused; ref used for defaults and comparison fields, separated below"
three_to_two_tone_stage3_full_crossings.py,seed is None branch,"N21 v_A,v_B,kappa,lambda",initialization only,N31 supplies explicit N31 seed; this branch is bypassed
three_to_two_tone_stage3_full_crossings.py,"lam,lam4 after stationary solve","N21 lambda_N,lambda_quartic",harmless plotting/metadata,incorrect N31 metadata; no feedback to root solve or predicate
three_to_two_tone_stage2_inner_global.py,module ref,N21 stage2_reference.json,initialization only,initial known_center assigned then overwritten before in_tiny by known_center_override
three_to_two_tone_stage2_inner_global.py,module local,N21 stage2_local_interval_checks.json,harmless plotting/metadata,loaded dictionary is unused by process
three_to_two_tone_stage2_inner_global.py,box radii,2.00000001; 0.000299999999; 0.009999999,proof predicate input,"shared tuning constants, not transferred proof results; N31 large boxes and accepted-cell containment independently verified"
three_to_two_tone_stage2_interval.py,module default N=21,21,proof predicate input,explicit interval.N=31 before all N31 validity calls; finite sums use current N
stage7_n31_certificate.py,"seed,roots,epsilon",N31-specific explicit seed and freshly solved crossing,initialization only,all roots and crossing signs independently interval verified
stage7_n31_certificate.py,local_check inverse Hessian,new C from N31 midpoint Hessian,proof predicate input,no cached N21 preconditioner; converted to interval points and checked anew
stage7_n31_certificate.py,"adaptive(...,N) and directed_cell","full-torus spatial partition and L,T2,T3",proof predicate input,fresh N31 partition; no N21 cells read; all exclusion and containment checks repeated
stage7_n31_inner_log.py,N31 certificate roots and epsilon,N31_global_certificate.json,proof predicate input,reads N31 u_A/u_B and bracket only; both known_center and radius overrides supplied
stage10_replay_runner.py,three copied N21 JSON files,import-time dependencies,harmless plotting/metadata,"not certificates accepted by the N31 verifier; dependencies documented, tested by poisoning"
crossN_scaling.csv,N=31 rows,"lambda31,c31 and N31 tangent roots",harmless plotting/metadata,"independently computed numerical N31 coefficients; correct comparison, no local N31 theorem"
N31_global_certificate.json,high_precision_numerical_root.epsilon_leading,N21 coefficients carried into N31 metadata,harmless plotting/metadata,scientifically mislabeled and superseded; not used in proof predicates
N31_global_certificate.json,high_precision_numerical_root.epsilon_through_quartic,N21 coefficients carried into N31 metadata,harmless plotting/metadata,scientifically mislabeled and superseded; not used in proof predicates
N31_global_certificate.json,high_precision_numerical_root.remainder,N21 coefficients carried into N31 metadata,harmless plotting/metadata,scientifically mislabeled and superseded; not used in proof predicates
N31_global_certificate.json,high_precision_numerical_root.remainder_over_d4,N21 coefficients carried into N31 metadata,harmless plotting/metadata,scientifically mislabeled and superseded; not used in proof predicates
N31_global_certificate.json,high_precision_numerical_root.relative_error,N21 coefficients carried into N31 metadata,harmless plotting/metadata,scientifically mislabeled and superseded; not used in proof predicates
N31_global_certificate.json,high_precision_numerical_root.remainder_after_quartic,N21 coefficients carried into N31 metadata,harmless plotting/metadata,scientifically mislabeled and superseded; not used in proof predicates
N31_global_certificate.json,high_precision_numerical_root.remainder_after_quartic_over_d6,N21 coefficients carried into N31 metadata,harmless plotting/metadata,scientifically mislabeled and superseded; not used in proof predicates
N31_global_certificate.json,high_precision_numerical_root.relative_error_quartic,N21 coefficients carried into N31 metadata,harmless plotting/metadata,scientifically mislabeled and superseded; not used in proof predicates
stage10_replay\n31\three_to_two_tone_stage3_full_crossings.py,module ref / baseline imports,stage3_tangent_reference.json; stage2_reference.json,harmless plotting/metadata,"archived replay copy: baseline unused; ref used for defaults and comparison fields, separated below"
stage10_replay\n31\three_to_two_tone_stage3_full_crossings.py,seed is None branch,"N21 v_A,v_B,kappa,lambda",initialization only,archived replay copy: N31 supplies explicit N31 seed; this branch is bypassed
stage10_replay\n31\three_to_two_tone_stage3_full_crossings.py,"lam,lam4 after stationary solve","N21 lambda_N,lambda_quartic",harmless plotting/metadata,archived replay copy: incorrect N31 metadata; no feedback to root solve or predicate
stage10_replay\n31\three_to_two_tone_stage2_inner_global.py,module ref,N21 stage2_reference.json,initialization only,archived replay copy: initial known_center assigned then overwritten before in_tiny by known_center_override
stage10_replay\n31\three_to_two_tone_stage2_inner_global.py,module local,N21 stage2_local_interval_checks.json,harmless plotting/metadata,archived replay copy: loaded dictionary is unused by process
stage10_replay\n31\three_to_two_tone_stage2_inner_global.py,box radii,2.00000001; 0.000299999999; 0.009999999,proof predicate input,"archived replay copy: shared tuning constants, not transferred proof results; N31 large boxes and accepted-cell containment independently verified"
stage10_replay\n31\three_to_two_tone_stage2_interval.py,module default N=21,21,proof predicate input,archived replay copy: explicit interval.N=31 before all N31 validity calls; finite sums use current N
stage10_replay\n31\stage7_n31_certificate.py,"seed,roots,epsilon",N31-specific explicit seed and freshly solved crossing,initialization only,archived replay copy: all roots and crossing signs independently interval verified
stage10_replay\n31\stage7_n31_certificate.py,local_check inverse Hessian,new C from N31 midpoint Hessian,proof predicate input,archived replay copy: no cached N21 preconditioner; converted to interval points and checked anew
stage10_replay\n31\stage7_n31_certificate.py,"adaptive(...,N) and directed_cell","full-torus spatial partition and L,T2,T3",proof predicate input,archived replay copy: fresh N31 partition; no N21 cells read; all exclusion and containment checks repeated
stage10_replay\n31\stage7_n31_inner_log.py,N31 certificate roots and epsilon,N31_global_certificate.json,proof predicate input,archived replay copy: reads N31 u_A/u_B and bracket only; both known_center and radius overrides supplied
stage10_replay\n31\N31_global_certificate.json,high_precision_numerical_root.epsilon_leading,N21 coefficients carried into N31 metadata,harmless plotting/metadata,archived replay copy: scientifically mislabeled and superseded; not used in proof predicates
stage10_replay\n31\N31_global_certificate.json,high_precision_numerical_root.epsilon_through_quartic,N21 coefficients carried into N31 metadata,harmless plotting/metadata,archived replay copy: scientifically mislabeled and superseded; not used in proof predicates
stage10_replay\n31\N31_global_certificate.json,high_precision_numerical_root.remainder,N21 coefficients carried into N31 metadata,harmless plotting/metadata,archived replay copy: scientifically mislabeled and superseded; not used in proof predicates
stage10_replay\n31\N31_global_certificate.json,high_precision_numerical_root.remainder_over_d4,N21 coefficients carried into N31 metadata,harmless plotting/metadata,archived replay copy: scientifically mislabeled and superseded; not used in proof predicates
stage10_replay\n31\N31_global_certificate.json,high_precision_numerical_root.relative_error,N21 coefficients carried into N31 metadata,harmless plotting/metadata,archived replay copy: scientifically mislabeled and superseded; not used in proof predicates
stage10_replay\n31\N31_global_certificate.json,high_precision_numerical_root.remainder_after_quartic,N21 coefficients carried into N31 metadata,harmless plotting/metadata,archived replay copy: scientifically mislabeled and superseded; not used in proof predicates
stage10_replay\n31\N31_global_certificate.json,high_precision_numerical_root.remainder_after_quartic_over_d6,N21 coefficients carried into N31 metadata,harmless plotting/metadata,archived replay copy: scientifically mislabeled and superseded; not used in proof predicates
stage10_replay\n31\N31_global_certificate.json,high_precision_numerical_root.relative_error_quartic,N21 coefficients carried into N31 metadata,harmless plotting/metadata,archived replay copy: scientifically mislabeled and superseded; not used in proof predicates
