v,kind,cost,curvature
-97.63979294240713,min,0.006692751431762982,8.194026907857473e-06
-94.53301401468079,max,0.006709203974816294,-8.744400034896931e-06
-91.34340610886507,min,0.0066904650054856124,9.327542868628384e-06
-88.23860343997731,max,0.006709203974816294,-9.999546712585167e-06
-85.04508043947573,min,0.00668766443394296,1.0714187536290987e-05
-81.94248453150084,max,0.006709203974816294,-1.1546605333215474e-05
-78.74435193735873,min,0.006684182348897482,1.243554848706649e-05
-75.6442336965175,max,0.006709203974816294,-1.348400550343669e-05
-72.4405945000923,min,0.00667977687163272,1.4609040933485683e-05
-69.3432740541115,max,0.006709203974816294,-1.595564465464839e-05
-66.13294167322071,min,0.006674087659120164,1.7408653032352887e-05
-63.0387988320793,max,0.006709203974816294,-1.9178773900158894e-05
-59.82015772436368,min,0.0066665581675197285,2.1101241584924615e-05
-56.729643433451585,max,0.006709203974816294,-2.3494220203228504e-05
-53.500414585708604,min,0.006656290518177846,2.611333836167358e-05
-50.41406068677665,max,0.006709203974816294,-2.9462174524736287e-05
-47.170881975987356,min,0.006641755934145275,3.316188621851603e-05
-44.08930060032897,max,0.006709203974816294,-3.805825197723193e-05
-40.82691431267959,min,0.006620166602643012,4.3530197872732175e-05
-37.75075988067381,max,0.006709203974816294,-5.111233835585603e-05
-34.46026588678677,min,0.006585955450534923,5.97092107902198e-05
-31.390071546003835,max,0.006709203974816294,-7.241371848889928e-05
-28.05457522907832,min,0.006526496408898365,8.70885311249139e-05
-24.99014199854023,max,0.006709203974816294,-0.00011099125487435763
-21.5711460739014,min,0.006406976107468564,0.00013926497062553334
-18.50905351782386,max,0.006709203974816294,-0.0001936359843238418
-14.881706277946996,min,0.006090141638348177,0.00025938470256099894
-11.80176534546478,max,0.006709203974816294,-0.0004410907936124668
-4.060030216180106,min,0.0028878765288308924,0.0001336818966037985
7.283206225182124,max,0.006709203974816294,-0.0003581431413195943
12.4239044503962,min,0.0028878765288308924,0.0009603691055364529
17.432113750449616,max,0.006709203974816294,-0.0004958638762160316
20.41450858894902,min,0.006047225731174927,0.00029777037398565873
24.01001328884369,max,0.006709203974816294,-0.00020403625788952952
27.033883961668675,min,0.006395116432671296,0.0001484630075817391
30.446205306654775,max,0.006709203974816294,-0.00011473066774958517
33.49060359215721,min,0.006521491855784813,9.057342019966791e-05
36.82486041978288,max,0.006709203974816294,-7.419531894490234e-05
39.88285485774994,min,0.0065833490198003155,6.139005705614782e-05
43.1737129825624,max,0.006709203974816294,-5.2107007497027075e-05
46.24171361870784,min,0.006618626780630905,4.447028940059151e-05
49.50496950359711,max,0.006709203974816294,-3.867296925155358e-05
52.58074223130206,min,0.006640766425646988,3.3742471190171384e-05
55.8249204970604,max,0.006709203974816294,-2.986991278354705e-05
58.90693925260371,min,0.0066556151662789526,2.649810310417364e-05
62.137158873616976,max,0.006709203974816294,-2.3779138795861937e-05
65.22432093564218,min,0.006666075838471978,2.1369986697831863e-05
68.44389324204413,max,0.006709203974816294,-1.9386006596882454e-05
71.53537052611979,min,0.006673730750267579,1.7604130733324722e-05
74.74655884835136,max,0.006709203974816294,-1.6111243094418725e-05
77.84171143402745,min,0.006679505128729332,1.475588049975656e-05
81.04613004654772,max,0.006709203974816294,-1.3603898066212242e-05
84.1444521450439,min,0.006683970537131053,1.2548779135854425e-05
87.34329212684344,max,0.006709203974816294,-1.1640992872121923e-05
90.44437653194713,min,0.006687496057534625,1.080341841170375e-05
93.6385413985069,max,0.006709203974816294,-1.007521608888617e-05
96.74205516344676,min,0.006690328899641691,9.399159237384803e-06
99.9322462852328,max,0.006709203974816294,-8.806013410418392e-06
