lambda,v_A,R_A,v_B,R_B,C_coal,C_strong,R_at_b,sampled_best_identity,global_status,Ccoal_minus_A
0.0,0.0,0.0,14.587321162739510978,0.10338617078052257552,0.0,0.0,0.10362265533211173499,endpoint,numerical_regular_comparison,0.0
0.00001,-0.00099254402843743918437,9.6924736350893489261e-10,14.586932719221794212,0.10337318871284420721,1.7643674524548653798e-9,1.9639844501687803908e-9,0.10362265533211173499,A,numerical_regular_comparison,7.9512008894593048723e-10
0.0001,-0.0099191891854642934022,9.7004517931373353331e-8,14.583436790818240992,0.10325647088169630636,1.7643674524548653798e-7,1.9639844501687803908e-7,0.10362265533211173499,A,numerical_regular_comparison,7.9432227314113184653e-8
0.001,-0.098565523160003433535,9.7797111206436831694e-6,14.548485339292304198,0.10210119855960781401,0.000017643674524548653798,0.000019639844501687803908,0.10362265533211173499,A,numerical_regular_comparison,7.863963403904970629e-6
0.002,-0.19573493420202090253,0.00003946664819920554176,14.50967378128465073,0.10084273327302641972,0.000070574698098194615194,0.000078559378006751215632,0.10362265533211173499,A,numerical_regular_comparison,0.000031108049898989073434
0.005,-0.47884257398267433299,0.00025301194714604675307,14.393491512903683381,0.097222858973353851629,0.00044109186311371634496,0.0004909961125421950977,0.10362265533211173499,A,numerical_regular_comparison,0.00018807991596766959189
0.01,-0.92296772803389037228,0.0010520337884892804812,14.201341106400303645,0.091686377921836960621,0.0017643674524548653798,0.0019639844501687803908,0.10362265533211173499,A,numerical_regular_comparison,0.00071233366396558489866
0.015,-1.3337208296528632482,0.0024507565978963166327,14.012207304041408538,0.086730114014312314546,0.0039698267680234471046,0.0044189650128797558793,0.10362265533211173499,A,numerical_regular_comparison,0.0015190701701271304719
0.02,-1.7132759291350376935,0.0044951385901267082671,13.827378545543392918,0.082306006949051778612,0.0070574698098194615194,0.0078559378006751215632,0.10362265533211173499,A,numerical_regular_comparison,0.0025623312196927532523
0.025,-2.0641562040439526837,0.0072243761689825327226,13.648037861902799664,0.078365620357463040995,0.011027296577842908624,0.012274902813554877442,0.10362265533211173499,A,numerical_regular_comparison,0.0038029204088603759014
0.03,-2.3889440807864809583,0.010671896650601233129,13.475210316938944854,0.074861225354015305467,0.015879307072093788419,0.017675860051519023517,0.10362265533211173499,A,numerical_regular_comparison,0.0052074104214925552891
0.035,-2.6901207689301753656,0.014866269918826593235,13.309722087880955566,0.071746799945144948168,0.021613501292572100903,0.024058809514567559787,0.10362265533211173499,A,numerical_regular_comparison,0.0067472313737455076681
0.04,-2.9699871467944142537,0.019832001123671134215,13.152176857327129364,0.06897886250017673951,0.028229879239277846077,0.031423751202700486253,0.10362265533211173499,A,numerical_regular_comparison,0.008397878115606711862
0.045,-3.2306328321581460965,0.025590199840589473228,13.002951604461794546,0.066517087026274433698,0.035728440912211023942,0.039770685115917802914,0.10362265533211173499,A,numerical_regular_comparison,0.010138241071621550714
0.05,-3.4739322610107775855,0.03215913601107379283,12.862210078393926531,0.064324683144205879887,0.044109186311371634496,0.04909961125421950977,0.10362265533211173499,A,numerical_regular_comparison,0.011950050300297841666
0.055,-3.7015548998771072523,0.039554698182267998688,12.729929452748185838,0.062368555273804674674,0.05337211543675967774,0.059410529617605606821,0.10362265533211173499,A,numerical_regular_comparison,0.013817417254491679052
0.06,-3.9149820497807319139,0.047790770089261653286,12.605934500612232804,0.060619277403634727996,0.063517228288375153674,0.070703440206076094068,0.10362265533211173499,A,numerical_regular_comparison,0.015726458199113500388
0.065,-4.1155259779950474333,0.05687954016138054978,12.48993396435755368,0.05905093007420634953,0.074544524866218062298,0.082978343019630971511,0.10362265533211173499,A,numerical_regular_comparison,0.017664984704837512518
0.065980411126991366172,-4.1534404866487688158,0.058762623295349756492,12.468094844300916782,0.058762623295349756492,0.076810231198878291218,0.085500386826210120036,0.10362265533211173499,A,certified_crossing_at_lambda_AB,0.018047607903528534727
0.07,-4.3043490710162258371,0.066831756420362311886,12.381555055580879446,0.057640846551229658394,0.086454005170288403612,0.096235238058270239149,0.10362265533211173499,B,numerical_regular_comparison,0.019622248749926091726
0.075,-4.4824818440533775749,0.07765693709166520359,12.280373572612820496,0.056369309052281594275,0.099245669200586177616,0.11047412532199389698,0.10362265533211173499,B,numerical_regular_comparison,0.021588732108920974026
0.08,-4.6508392930989789374,0.089363545322895803608,12.185938513144955161,0.055219226828254232791,0.11291951695711138431,0.12569500481080194501,0.10362265533211173499,B,numerical_regular_comparison,0.023555971634215580702
0.09,-4.9613960769731885898,0.11545047148916428469,12.015478560343160929,0.053226313019905375167,0.14291376364884409577,0.15908274046367121165,0.10362265533211173499,B,numerical_regular_comparison,0.027463292159679811081
0.1,-5.241538261710414248,0.1451441121509993618,11.866632203819620602,0.051566370388598510465,0.17643674524548653798,0.19639844501687803908,0.10362265533211173499,B,numerical_regular_comparison,0.031292633094487176182
0.12,-5.7274576488334686427,0.21551165928923655427,11.6213481717963544,0.048976806103965418293,0.2540689131535006147,0.28281376082430437627,0.10362265533211173499,B,numerical_regular_comparison,0.038557253864264060423
0.15,-6.3153489877521877304,0.34894940973792584645,11.348706527445516765,0.046285982904971764864,0.39698267680234471046,0.44189650128797558793,0.10362265533211173499,B,numerical_regular_comparison,0.04803326706441886401
0.2,-7.0435758735175434278,0.64695252215637700274,11.048611598549570248,0.043521268651912812175,0.70574698098194615194,0.78559378006751215632,0.10362265533211173499,B,numerical_regular_comparison,0.0587944588255691492
