N,case,branch,parent,u1_lo,u1_hi,u2_lo,u2_hi,depth,predicate
31,crossing,A,"-3.732308150500305,-3.232308148000305,2.1135741200336811,2.6135741225336811",-3.482308149250305,-3.232308148000305,2.1135741200336811,2.6135741225336811,1,objective_excluded
31,crossing,A,"-3.732308150500305,-3.232308148000305,2.1135741200336811,2.6135741225336811",-3.732308150500305,-3.482308149250305,2.1135741200336811,2.6135741225336811,1,objective_excluded
31,crossing,A,"-3.107308147375305,-2.982308146750305,1.3635741162836811,1.6135741175336811",-3.107308147375305,-2.982308146750305,1.4885741169086811,1.6135741175336811,1,objective_excluded
31,crossing,A,"-3.107308147375305,-2.982308146750305,1.3635741162836811,1.6135741175336811",-3.107308147375305,-2.982308146750305,1.3635741162836811,1.4885741169086811,1,objective_excluded
31,crossing,A,"-2.857308146125305,-2.732308145500305,0.9885741144086811,1.1135741150336811",-2.794808145812805,-2.732308145500305,0.9885741144086811,1.1135741150336811,1,objective_excluded
31,crossing,A,"-2.857308146125305,-2.732308145500305,0.9885741144086811,1.1135741150336811",-2.857308146125305,-2.794808145812805,0.9885741144086811,1.1135741150336811,1,objective_excluded
31,crossing,A,"-2.982308146750305,-2.857308146125305,0.9885741144086811,1.1135741150336811",-2.919808146437805,-2.857308146125305,0.9885741144086811,1.1135741150336811,1,objective_excluded
31,crossing,A,"-2.982308146750305,-2.857308146125305,0.9885741144086811,1.1135741150336811",-2.982308146750305,-2.919808146437805,0.9885741144086811,1.1135741150336811,1,objective_excluded
31,crossing,A,"-2.982308146750305,-2.857308146125305,0.7385741131586811,0.8635741137836811",-2.919808146437805,-2.857308146125305,0.7385741131586811,0.8635741137836811,1,objective_excluded
31,crossing,A,"-2.982308146750305,-2.857308146125305,0.7385741131586811,0.8635741137836811",-2.982308146750305,-2.919808146437805,0.7385741131586811,0.8635741137836811,1,objective_excluded
31,crossing,A,"-3.107308147375305,-2.982308146750305,0.9885741144086811,1.1135741150336811",-3.044808147062805,-2.982308146750305,0.9885741144086811,1.1135741150336811,1,objective_excluded
31,crossing,A,"-3.107308147375305,-2.982308146750305,0.9885741144086811,1.1135741150336811",-3.107308147375305,-3.044808147062805,0.9885741144086811,1.1135741150336811,1,objective_excluded
31,crossing,A,"-3.607308149875305,-3.482308149250305,0.9885741144086811,1.1135741150336811",-3.544808149562805,-3.482308149250305,0.9885741144086811,1.1135741150336811,1,objective_excluded
31,crossing,A,"-3.607308149875305,-3.482308149250305,0.9885741144086811,1.1135741150336811",-3.607308149875305,-3.544808149562805,0.9885741144086811,1.1135741150336811,1,objective_excluded
31,crossing,A,"-3.732308150500305,-3.669808150187805,0.8635741137836811,0.9885741144086811",-3.732308150500305,-3.669808150187805,0.9260741140961811,0.9885741144086811,1,objective_excluded
31,crossing,A,"-3.732308150500305,-3.669808150187805,0.8635741137836811,0.9885741144086811",-3.732308150500305,-3.669808150187805,0.8635741137836811,0.9260741140961811,1,objective_excluded
31,crossing,A,"-3.607308149875305,-3.544808149562805,0.7385741131586811,0.8635741137836811",-3.607308149875305,-3.544808149562805,0.8010741134711811,0.8635741137836811,1,objective_excluded
31,crossing,A,"-3.607308149875305,-3.544808149562805,0.7385741131586811,0.8635741137836811",-3.607308149875305,-3.544808149562805,0.7385741131586811,0.8010741134711811,1,objective_excluded
31,crossing,A,"-3.857308151125305,-3.732308150500305,1.1135741150336811,1.3635741162836811",-3.857308151125305,-3.732308150500305,1.2385741156586811,1.3635741162836811,1,gradient_excluded
31,crossing,A,"-3.857308151125305,-3.732308150500305,1.1135741150336811,1.3635741162836811",-3.857308151125305,-3.732308150500305,1.1135741150336811,1.2385741156586811,1,gradient_excluded
31,crossing,A,"-4.232308153000305,-3.982308151750305,1.1135741150336811,1.3635741162836811",-4.107308152375305,-3.982308151750305,1.1135741150336811,1.3635741162836811,1,gradient_excluded
31,crossing,A,"-4.232308153000305,-3.982308151750305,1.1135741150336811,1.3635741162836811",-4.232308153000305,-4.107308152375305,1.1135741150336811,1.3635741162836811,1,gradient_excluded
31,crossing,A,"-4.169808152687805,-4.107308152375305,0.6760741128461811,0.7385741131586811",-4.138558152531555,-4.107308152375305,0.6760741128461811,0.7385741131586811,1,objective_excluded
31,crossing,A,"-4.169808152687805,-4.107308152375305,0.6760741128461811,0.7385741131586811",-4.169808152687805,-4.138558152531555,0.6760741128461811,0.7385741131586811,1,objective_excluded
31,crossing,A,"-4.732308155500305,-4.482308154250305,1.1135741150336811,1.6135741175336811",-4.732308155500305,-4.482308154250305,1.3635741162836811,1.6135741175336811,1,gradient_excluded
31,crossing,A,"-4.732308155500305,-4.482308154250305,1.1135741150336811,1.6135741175336811",-4.732308155500305,-4.482308154250305,1.1135741150336811,1.3635741162836811,1,gradient_excluded
31,crossing,A,"-4.482308154250305,-4.357308153625305,0.8635741137836811,1.1135741150336811",-4.482308154250305,-4.357308153625305,0.9885741144086811,1.1135741150336811,1,gradient_excluded
31,crossing,A,"-4.482308154250305,-4.357308153625305,0.8635741137836811,1.1135741150336811",-4.482308154250305,-4.357308153625305,0.8635741137836811,0.9885741144086811,1,gradient_excluded
31,crossing,A,"-3.107308147375305,-2.982308146750305,-0.1364258912163189,0.1135741100336811",-3.107308147375305,-2.982308146750305,-0.0114258905913189,0.1135741100336811,1,objective_excluded
31,crossing,A,"-3.107308147375305,-2.982308146750305,-0.1364258912163189,0.1135741100336811",-3.107308147375305,-2.982308146750305,-0.1364258912163189,-0.0114258905913189,1,objective_excluded
31,crossing,A,"-3.357308148625305,-3.232308148000305,0.1135741100336811,0.3635741112836811",-3.357308148625305,-3.232308148000305,0.2385741106586811,0.3635741112836811,1,objective_excluded
31,crossing,A,"-3.357308148625305,-3.232308148000305,0.1135741100336811,0.3635741112836811",-3.357308148625305,-3.232308148000305,0.1135741100336811,0.2385741106586811,1,objective_excluded
31,crossing,A,"-3.482308149250305,-3.357308148625305,0.1135741100336811,0.3635741112836811",-3.482308149250305,-3.357308148625305,0.2385741106586811,0.3635741112836811,1,objective_excluded
31,crossing,A,"-3.482308149250305,-3.357308148625305,0.1135741100336811,0.3635741112836811",-3.482308149250305,-3.357308148625305,0.1135741100336811,0.2385741106586811,1,objective_excluded
31,crossing,A,"-3.732308150500305,-3.482308149250305,-0.3864258924663189,-0.1364258912163189",-3.607308149875305,-3.482308149250305,-0.3864258924663189,-0.1364258912163189,1,objective_excluded
31,crossing,A,"-3.732308150500305,-3.482308149250305,-0.3864258924663189,-0.1364258912163189",-3.732308150500305,-3.607308149875305,-0.3864258924663189,-0.1364258912163189,1,objective_excluded
31,crossing,A,"-3.107308147375305,-2.982308146750305,-0.6364258937163189,-0.3864258924663189",-3.107308147375305,-2.982308146750305,-0.5114258930913189,-0.3864258924663189,1,objective_excluded
31,crossing,A,"-3.107308147375305,-2.982308146750305,-0.6364258937163189,-0.3864258924663189",-3.107308147375305,-2.982308146750305,-0.6364258937163189,-0.5114258930913189,1,objective_excluded
31,crossing,A,"-2.857308146125305,-2.732308145500305,-1.3864258974663189,-1.2614258968413189",-2.794808145812805,-2.732308145500305,-1.3864258974663189,-1.2614258968413189,1,objective_excluded
31,crossing,A,"-2.857308146125305,-2.732308145500305,-1.3864258974663189,-1.2614258968413189",-2.857308146125305,-2.794808145812805,-1.3864258974663189,-1.2614258968413189,1,objective_excluded
31,crossing,A,"-3.232308148000305,-3.107308147375305,-1.1364258962163189,-0.8864258949663189",-3.232308148000305,-3.107308147375305,-1.0114258955913189,-0.8864258949663189,1,objective_excluded
31,crossing,A,"-3.232308148000305,-3.107308147375305,-1.1364258962163189,-0.8864258949663189",-3.232308148000305,-3.107308147375305,-1.1364258962163189,-1.0114258955913189,1,objective_excluded
31,crossing,A,"-3.732308150500305,-3.482308149250305,-0.6364258937163189,-0.3864258924663189",-3.607308149875305,-3.482308149250305,-0.6364258937163189,-0.3864258924663189,1,objective_excluded
31,crossing,A,"-3.732308150500305,-3.482308149250305,-0.6364258937163189,-0.3864258924663189",-3.732308150500305,-3.607308149875305,-0.6364258937163189,-0.3864258924663189,1,objective_excluded
31,crossing,A,"-3.732308150500305,-3.482308149250305,-0.8864258949663189,-0.6364258937163189",-3.607308149875305,-3.482308149250305,-0.8864258949663189,-0.6364258937163189,1,objective_excluded
31,crossing,A,"-3.732308150500305,-3.482308149250305,-0.8864258949663189,-0.6364258937163189",-3.732308150500305,-3.607308149875305,-0.8864258949663189,-0.6364258937163189,1,objective_excluded
31,crossing,A,"-3.357308148625305,-3.232308148000305,-1.3864258974663189,-1.1364258962163189",-3.357308148625305,-3.232308148000305,-1.2614258968413189,-1.1364258962163189,1,objective_excluded
31,crossing,A,"-3.357308148625305,-3.232308148000305,-1.3864258974663189,-1.1364258962163189",-3.357308148625305,-3.232308148000305,-1.3864258974663189,-1.2614258968413189,1,objective_excluded
31,crossing,A,"-3.982308151750305,-3.732308150500305,-0.1364258912163189,0.1135741100336811",-3.857308151125305,-3.732308150500305,-0.1364258912163189,0.1135741100336811,1,objective_excluded
31,crossing,A,"-3.982308151750305,-3.732308150500305,-0.1364258912163189,0.1135741100336811",-3.982308151750305,-3.857308151125305,-0.1364258912163189,0.1135741100336811,1,objective_excluded
31,crossing,A,"-4.607308154875305,-4.482308154250305,0.1135741100336811,0.3635741112836811",-4.607308154875305,-4.482308154250305,0.2385741106586811,0.3635741112836811,1,objective_excluded
31,crossing,A,"-4.607308154875305,-4.482308154250305,0.1135741100336811,0.3635741112836811",-4.607308154875305,-4.482308154250305,0.1135741100336811,0.2385741106586811,1,objective_excluded
31,crossing,A,"-4.732308155500305,-4.482308154250305,-0.8864258949663189,-0.3864258924663189",-4.732308155500305,-4.482308154250305,-0.6364258937163189,-0.3864258924663189,1,objective_excluded
31,crossing,A,"-4.732308155500305,-4.482308154250305,-0.8864258949663189,-0.3864258924663189",-4.732308155500305,-4.482308154250305,-0.8864258949663189,-0.6364258937163189,1,objective_excluded
31,crossing,A,"-4.732308155500305,-4.482308154250305,-1.3864258974663189,-0.8864258949663189",-4.732308155500305,-4.482308154250305,-1.1364258962163189,-0.8864258949663189,1,objective_excluded
31,crossing,A,"-4.732308155500305,-4.482308154250305,-1.3864258974663189,-0.8864258949663189",-4.732308155500305,-4.482308154250305,-1.3864258974663189,-1.1364258962163189,1,objective_excluded
31,crossing,A,"-6.232308163000305,-5.982308161750305,0.6135741125336811,1.1135741150336811",-6.232308163000305,-5.982308161750305,0.8635741137836811,1.1135741150336811,1,gradient_excluded
31,crossing,A,"-6.232308163000305,-5.982308161750305,0.6135741125336811,1.1135741150336811",-6.232308163000305,-5.982308161750305,0.6135741125336811,0.8635741137836811,1,gradient_excluded
31,crossing,A,"-4.841683156047180,-4.826058155969055,0.5823241123774311,0.5979491124555561",-4.8338706560081175,-4.826058155969055,0.5823241123774311,0.5979491124555561,1,krawczyk_excluded
31,crossing,A,"-4.841683156047180,-4.826058155969055,0.5823241123774311,0.5979491124555561",-4.841683156047180,-4.8338706560081175,0.5823241123774311,0.5979491124555561,1,krawczyk_excluded
31,crossing,A,"-5.232308158000305,-5.107308157375305,0.3635741112836811,0.4885741119086811",-5.169808157687805,-5.107308157375305,0.3635741112836811,0.4885741119086811,1,gradient_excluded
31,crossing,A,"-5.232308158000305,-5.107308157375305,0.3635741112836811,0.4885741119086811",-5.232308158000305,-5.169808157687805,0.3635741112836811,0.4885741119086811,1,gradient_excluded
31,crossing,A,"-5.732308160500305,-5.232308158000305,-0.8864258949663189,-0.3864258924663189",-5.482308159250305,-5.232308158000305,-0.8864258949663189,-0.3864258924663189,1,objective_excluded
31,crossing,A,"-5.732308160500305,-5.232308158000305,-0.8864258949663189,-0.3864258924663189",-5.732308160500305,-5.482308159250305,-0.8864258949663189,-0.3864258924663189,1,objective_excluded
31,crossing,A,"-5.982308161750305,-5.732308160500305,-0.3864258924663189,0.1135741100336811",-5.982308161750305,-5.732308160500305,-0.1364258912163189,0.1135741100336811,1,gradient_excluded
31,crossing,A,"-5.982308161750305,-5.732308160500305,-0.3864258924663189,0.1135741100336811",-5.982308161750305,-5.732308160500305,-0.3864258924663189,-0.1364258912163189,1,gradient_excluded
31,crossing,A,"-6.732308165500305,-6.607308164875305,0.3635741112836811,0.6135741125336811",-6.732308165500305,-6.607308164875305,0.4885741119086811,0.6135741125336811,1,gradient_excluded
31,crossing,A,"-6.732308165500305,-6.607308164875305,0.3635741112836811,0.6135741125336811",-6.732308165500305,-6.607308164875305,0.3635741112836811,0.4885741119086811,1,gradient_excluded
31,crossing,B,"0.94268622540362053,1.94268623040362053,12.440325828105324,13.440325833105324",1.44268622790362053,1.94268623040362053,12.440325828105324,13.440325833105324,1,gradient_excluded
31,crossing,B,"0.94268622540362053,1.94268623040362053,12.440325828105324,13.440325833105324",0.94268622540362053,1.44268622790362053,12.440325828105324,13.440325833105324,1,gradient_excluded
31,crossing,B,"-0.05731377959637947,0.19268622165362053,13.940325835605324,14.440325838105324",-0.05731377959637947,0.19268622165362053,14.190325836855324,14.440325838105324,1,objective_excluded
31,crossing,B,"-0.05731377959637947,0.19268622165362053,13.940325835605324,14.440325838105324",-0.05731377959637947,0.19268622165362053,13.940325835605324,14.190325836855324,1,objective_excluded
31,crossing,B,"-0.05731377959637947,0.00518622071612053,12.502825828417824,12.565325828730324",-0.02606377944012947,0.00518622071612053,12.502825828417824,12.565325828730324,1,krawczyk_excluded
31,crossing,B,"-0.05731377959637947,0.00518622071612053,12.502825828417824,12.565325828730324",-0.05731377959637947,-0.02606377944012947,12.502825828417824,12.565325828730324,1,krawczyk_excluded
31,crossing,B,"0.44268622290362053,0.94268622540362053,11.440325823105324,12.440325828105324",0.44268622290362053,0.94268622540362053,11.940325825605324,12.440325828105324,1,gradient_excluded
31,crossing,B,"0.44268622290362053,0.94268622540362053,11.440325823105324,12.440325828105324",0.44268622290362053,0.94268622540362053,11.440325823105324,11.940325825605324,1,gradient_excluded
31,crossing,B,"-0.05731377959637947,0.06768622102862053,12.065325826230324,12.190325826855324",0.00518622071612053,0.06768622102862053,12.065325826230324,12.190325826855324,1,gradient_excluded
31,crossing,B,"-0.05731377959637947,0.06768622102862053,12.065325826230324,12.190325826855324",-0.05731377959637947,0.00518622071612053,12.065325826230324,12.190325826855324,1,gradient_excluded
31,crossing,B,"-0.18231378022137947,-0.05731377959637947,12.940325830605324,13.190325831855324",-0.18231378022137947,-0.05731377959637947,13.065325831230324,13.190325831855324,1,gradient_excluded
31,crossing,B,"-0.18231378022137947,-0.05731377959637947,12.940325830605324,13.190325831855324",-0.18231378022137947,-0.05731377959637947,12.940325830605324,13.065325831230324,1,gradient_excluded
31,crossing,B,"-0.11981377990887947,-0.05731377959637947,12.502825828417824,12.565325828730324",-0.08856377975262947,-0.05731377959637947,12.502825828417824,12.565325828730324,1,gradient_excluded
31,crossing,B,"-0.11981377990887947,-0.05731377959637947,12.502825828417824,12.565325828730324",-0.11981377990887947,-0.08856377975262947,12.502825828417824,12.565325828730324,1,gradient_excluded
31,crossing,B,"-1.05731378459637947,-0.55731378209637947,10.440325818105324,11.440325823105324",-1.05731378459637947,-0.55731378209637947,10.940325820605324,11.440325823105324,1,gradient_excluded
31,crossing,B,"-1.05731378459637947,-0.55731378209637947,10.440325818105324,11.440325823105324",-1.05731378459637947,-0.55731378209637947,10.440325818105324,10.940325820605324,1,gradient_excluded
31,crossing,B,"-2.05731378959637947,-1.05731378459637947,11.440325823105324,12.440325828105324",-1.55731378709637947,-1.05731378459637947,11.440325823105324,12.440325828105324,1,gradient_excluded
31,crossing,B,"-2.05731378959637947,-1.05731378459637947,11.440325823105324,12.440325828105324",-2.05731378959637947,-1.55731378709637947,11.440325823105324,12.440325828105324,1,gradient_excluded
31,crossing,B,"-2.05731378959637947,-1.05731378459637947,10.440325818105324,11.440325823105324",-1.55731378709637947,-1.05731378459637947,10.440325818105324,11.440325823105324,1,gradient_excluded
31,crossing,B,"-2.05731378959637947,-1.05731378459637947,10.440325818105324,11.440325823105324",-2.05731378959637947,-1.55731378709637947,10.440325818105324,11.440325823105324,1,gradient_excluded
