snr,eta,eps,sigma2,x_norm2,J_A,J_B,Delta0,Delta0_resid,d_norm,s_Delta,z_exact,P_A,P_A_local,trC_A,trC_B,H_min_A,H_min_B,fd_check_A,fd_check_B,uA1,uA2,uB1,uB2,reference,sqdist_A_to_W,sqdist_B_to_W,MSE_pred,within,between,MSE_pred_local,MSE_pred_Aref
20,-0.2,0.19855250413782194,0.0304443224390588,63.933077122023484,0.4976692254304371,0.8740222965115763,-0.37635307108113913,-0.3763530710811538,1.2119072367927024,0.2990456800992064,1.2585136523499905,0.8958969735229716,0.8964101654181669,0.39931297933383436,0.09276231836322268,0.02525838454164847,0.10212595554779177,3.635542660569107e-11,2.4129862129571154e-11,-4.314290162862051,0.7074047420804277,-0.04559573165533948,12.788744558165376,A,0.0,164.1805238987347,17.45908955420063,0.36740012775826025,17.09168942644237,17.374990759301564,
30,-0.2,0.19855250413782194,0.00304443224390588,63.933077122023484,0.4976692254304371,0.8740222965115763,-0.37635307108113913,-0.3763530710811538,1.2119072367927024,0.094566547354758,3.9797696078432896,0.9999655089557886,0.9999667910778122,0.03993129793338342,0.009276231836322268,0.02525838454164847,0.10212595554779177,3.635542660569107e-11,2.4129862129571154e-11,-4.314290162862051,0.7074047420804277,-0.04559573165533948,12.788744558165376,A,0.0,164.1805238987347,0.045592998316582506,0.03993024060814336,0.005662757708439143,0.04538253815458945,
40,-0.2,0.19855250413782194,0.00030444322439058803,63.933077122023484,0.4976692254304371,0.8740222965115763,-0.37635307108113913,-0.3763530710811538,1.2119072367927024,0.029904568009920644,12.585136523499903,1.0,1.0,0.003993129793338342,0.0009276231836322269,0.02525838454164847,0.10212595554779177,3.635542660569107e-11,2.4129862129571154e-11,-4.314290162862051,0.7074047420804277,-0.04559573165533948,12.788744558165376,A,0.0,164.1805238987347,0.003993129793338342,0.003993129793338342,0.0,0.003993129793338342,
20,-0.15,0.21096203564643579,0.03055410106546895,64.1636122374848,0.568377448802833,0.8567203089845492,-0.2883428601817162,-0.28834286018172106,1.2327202248622113,0.3047293425096236,0.9462261093961114,0.8279833641046384,0.8279305437780295,0.3888991926838337,0.08900605218177662,0.025665412311819402,0.10967214058047425,2.3468888208472412e-11,3.073807874898193e-11,-4.434142455933312,0.678306511134366,-0.048605042153312183,12.70187710477201,A,0.0,163.79918822785203,28.513497904872807,0.33731258352657484,28.17618532134623,28.52213399103963,
30,-0.15,0.21096203564643579,0.003055410106546895,64.1636122374848,0.568377448802833,0.8567203089845492,-0.2883428601817162,-0.28834286018172106,1.2327202248622113,0.09636387922159811,2.992229687211364,0.9986152609579105,0.9986122866141702,0.038889919268383415,0.008900605218177664,0.025665412311819402,0.10967214058047425,2.3468888208472412e-11,3.073807874898193e-11,-4.434142455933312,0.678306511134366,-0.048605042153312183,12.70187710477201,A,0.0,163.79918822785203,0.2656675228960407,0.038848391894372614,0.22681913100166806,0.26615462878768437,
40,-0.15,0.21096203564643579,0.0003055410106546895,64.1636122374848,0.568377448802833,0.8567203089845492,-0.2883428601817162,-0.28834286018172106,1.2327202248622113,0.03047293425096236,9.462261093961114,1.0,1.0,0.00388899192683834,0.0008900605218177662,0.025665412311819402,0.10967214058047425,2.3468888208472412e-11,3.073807874898193e-11,-4.434142455933312,0.678306511134366,-0.048605042153312183,12.70187710477201,A,0.0,163.79918822785203,0.00388899192683834,0.00388899192683834,0.0,0.00388899192683834,
20,-0.1,0.22337156715504966,0.03066695962132436,64.40061520478116,0.64426848464573,0.8406530808627366,-0.19638459621700655,-0.19638459621702187,1.2556411131816216,0.31096813268420875,0.631526434949645,0.736151814877169,0.7358748853659558,0.37872973308790175,0.0853706649142257,0.026094271637694344,0.11765879774931198,2.710365265556902e-11,4.395535787201273e-11,-4.550389343926511,0.6517438096138193,-0.05162860077547293,12.618766974120035,A,0.0,163.44849164394523,43.42691535668011,0.3013274753609525,43.12558788131916,43.47209782779624,
30,-0.1,0.22337156715504966,0.003066695962132436,64.40061520478116,0.64426848464573,0.8406530808627366,-0.19638459621700655,-0.19638459621702187,1.2556411131816216,0.09833675790115497,1.997061937047042,0.9770907724467477,0.9769448977962535,0.03787297330879017,0.008537066491422569,0.026094271637694344,0.11765879774931198,2.710365265556902e-11,4.395535787201273e-11,-4.550389343926511,0.6517438096138193,-0.05162860077547293,12.618766974120035,A,0.0,163.44849164394523,3.78167959865103,0.03720091034403009,3.744478688307,3.8055183108782416,
40,-0.1,0.22337156715504966,0.0003066695962132436,64.40061520478116,0.64426848464573,0.8406530808627366,-0.19638459621700655,-0.19638459621702187,1.2556411131816216,0.031096813268420877,6.31526434949645,0.99999999986515,0.9999999998575619,0.0037872973308790124,0.0008537066491422571,0.026094271637694344,0.11765879774931198,2.710365265556902e-11,4.395535787201273e-11,-4.550389343926511,0.6517438096138193,-0.05162860077547293,12.618766974120035,A,0.0,163.44849164394523,0.0037873193715157907,0.0037872973304834173,2.204103237358317e-08,0.0037873206117474373,
20,-0.075,0.2295763329093566,0.03072454387279404,64.52154213286748,0.6841743939364893,0.8330489958394764,-0.14887460190298718,-0.1488746019029935,1.2678585438422296,0.3142885226678744,0.47368768238575165,0.6821386808261279,0.6818967932836558,0.37374547449914214,0.08360218331693606,0.02631655224141305,0.12181825269028286,2.8425262144082808e-11,3.206019576802127e-11,-4.607189268738864,0.6393266776490094,-0.05314036061200511,12.578591798503837,A,0.0,163.28541308367207,52.183636949841144,0.28152014521451724,51.90211680462663,52.22306347508584,
30,-0.075,0.2295763329093566,0.003072454387279404,64.52154213286748,0.6841743939364893,0.8330489958394764,-0.14887460190298718,-0.1488746019029935,1.2678585438422296,0.09938675740799426,1.4979319759053968,0.9329245375508711,0.9326454569163116,0.03737454744991419,0.008360218331693607,0.02631655224141305,0.12181825269028286,2.8425262144082808e-11,3.206019576802127e-11,-4.607189268738864,0.6393266776490094,-0.05314036061200511,12.578591798503837,A,0.0,163.28541308367207,10.987872991691,0.03542839790665832,10.952444593784342,11.03343469105132,
40,-0.075,0.2295763329093566,0.00030724543872794036,64.52154213286748,0.6841743939364893,0.8330489958394764,-0.14887460190298718,-0.1488746019029935,1.2678585438422296,0.03142885226678744,4.736876823857516,0.999998914815059,0.999998877925088,0.003737454744991421,0.0008360218331693607,0.02631655224141305,0.12181825269028286,2.8425262144082808e-11,3.206019576802127e-11,-4.607189268738864,0.6393266776490094,-0.05314036061200511,12.578591798503837,A,0.0,163.28541308367207,0.00391464646776654,0.0037374515964001174,0.00017719487136642269,0.003920669954880731,
20,-0.05,0.23578109866366354,0.03078289810662503,64.64408602391256,0.7253956462025553,0.8257145612413197,-0.10031891503876444,-0.10031891503877222,1.2805622209504204,0.317738934885619,0.315727485757695,0.6238953187946793,0.6237481105153154,0.36883191570830187,0.08186811265740508,0.02654388767152993,0.12608883585794903,2.0825500054602994e-11,2.6112107185499982e-11,-4.663123446799105,0.6274441287628889,-0.054649562905737525,12.539318675504958,A,0.0,163.13078675584882,61.61515603362605,0.2609034860443779,61.35425254758167,61.63912799260797,
30,-0.05,0.23578109866366354,0.0030782898106625034,64.64408602391256,0.7253956462025553,0.8257145612413197,-0.10031891503876444,-0.10031891503877222,1.2805622209504204,0.10047787355544884,0.9984179749126889,0.8409616395095119,0.8406642286499528,0.03688319157083008,0.008186811265740508,0.02654388767152993,0.12608883585794903,2.0825500054602994e-11,2.6112107185499982e-11,-4.663123446799105,0.6274441287628889,-0.054649562905737525,12.539318675504958,A,0.0,163.13078675584882,25.97637223746873,0.0323193662950971,25.944052871173632,26.024880570363194,
40,-0.05,0.23578109866366354,0.00030782898106625033,64.64408602391256,0.7253956462025553,0.8257145612413197,-0.10031891503876444,-0.10031891503877222,1.2805622209504204,0.0317738934885619,3.15727485757695,0.9992037441976372,0.9991930879306451,0.003688319157083009,0.0008186811265740506,0.02654388767152993,0.12608883585794903,2.0825500054602994e-11,2.6112107185499982e-11,-4.663123446799105,0.6274441287628889,-0.054649562905737525,12.539318675504958,A,0.0,163.13078675584882,0.13357986968949648,0.0036860341911505354,0.12989383549834593,0.13531820432817698,
20,-0.025,0.24198586441797046,0.030842022322817353,64.76824687791644,0.7679382258946124,0.8186379498310785,-0.05069972393646616,-0.050699723936477925,1.2937381316782133,0.321316331664846,0.15778757237073554,0.5626879041052074,0.5626415114920031,0.36399127912860874,0.08016938331974016,0.026776145427753806,0.13047075822226947,2.842543132092465e-11,3.1399221846922524e-11,-4.7182049779677016,0.616067577466481,-0.05615448829463787,12.500932996063867,A,0.0,162.98474078643287,71.51507112319604,0.23987253101159897,71.27519859218444,71.52261924399411,
30,-0.025,0.24198586441797046,0.003084202232281735,64.76824687791644,0.7679382258946124,0.8186379498310785,-0.05069972393646616,-0.050699723936477925,1.2937381316782133,0.1016091457470996,0.4989681151601785,0.6910990767304883,0.6909679085594367,0.036399127912860915,0.008016938331974015,0.026776145427753806,0.13047075822226947,2.842543132092465e-11,3.1399221846922524e-11,-4.7182049779677016,0.616067577466481,-0.05615448829463787,12.500932996063867,A,0.0,162.98474078643287,50.373768751118064,0.02763184334691464,50.34613690777115,50.395143438636445,
40,-0.025,0.24198586441797046,0.0003084202232281735,64.76824687791644,0.7679382258946124,0.8186379498310785,-0.05069972393646616,-0.050699723936477925,1.2937381316782133,0.0321316331664846,1.5778757237073557,0.9427029184561874,0.9425675165473605,0.0036399127912860895,0.0008016938331974015,0.026776145427753806,0.13047075822226947,2.842543132092465e-11,3.1399221846922524e-11,-4.7182049779677016,0.616067577466481,-0.05615448829463787,12.500932996063867,A,0.0,162.98474078643287,9.342027274365615,0.003477291128205287,9.338549983237408,9.364095335077488,
20,0.0,0.2481906301722774,0.030901916521370986,64.89402469487906,0.8118078719175497,0.8118078719175372,1.2434497875801753e-14,4.440892098500626e-16,1.3073721889711298,0.3250176512494942,-3.8257915617809395e-14,0.49999999999998473,0.5,0.3592253753929017,0.07850672438826004,0.027013195433870818,0.1349641788047958,2.809469059511251e-11,3.536421948930573e-11,-4.772447353918622,0.605170320276855,-0.057653561926684915,12.463419356801666,B,162.84735071324732,0.0,81.64254140651175,0.2188660498905766,81.42367535662117,81.64254140651424,81.64254140651674
30,0.0,0.2481906301722774,0.0030901916521370986,64.89402469487906,0.8118078719175497,0.8118078719175372,1.2434497875801753e-14,4.440892098500626e-16,1.3073721889711298,0.10277960577066729,-1.209821518828056e-13,0.49999999999995176,0.5,0.03592253753929023,0.007850672438826003,0.027013195433870818,0.1349641788047958,2.809469059511251e-11,3.536421948930573e-11,-4.772447353918622,0.605170320276855,-0.057653561926684915,12.463419356801666,B,162.84735071324732,0.0,81.44556196160487,0.021886604989056764,81.4236753566158,81.44556196161271,81.44556196162056
40,0.0,0.2481906301722774,0.00030901916521370985,64.89402469487906,0.8118078719175497,0.8118078719175372,1.2434497875801753e-14,4.440892098500626e-16,1.3073721889711298,0.03250176512494942,-3.82579156178094e-13,0.4999999999998474,0.5,0.00359225375392902,0.0007850672438826002,0.027013195433870818,0.1349641788047958,2.809469059511251e-11,3.536421948930573e-11,-4.772447353918622,0.605170320276855,-0.057653561926684915,12.463419356801666,B,162.84735071324732,0.0,81.42586401709771,0.0021886604989053817,81.4236753565988,81.42586401712258,81.42586401714742
20,0.025,0.25439539592658433,0.030962580702285924,65.02141947480044,0.8570100901566455,0.8052135563837624,0.05179653377288318,0.051796533772871745,1.3214502986414622,0.32883982396160866,-0.15751295919356262,0.43742029770966173,0.43735848850799686,0.3545356379158969,0.07688067798320591,0.027254910630565676,0.13956920918581084,2.5121069245956494e-11,2.941663843730999e-11,-4.825864366005078,0.5947273941165463,-0.05914534723314091,12.42676168998804,B,162.71864578260136,0.0,71.374771074356,0.1983325932175278,71.17643848113848,71.36469640313278,
30,0.025,0.25439539592658433,0.0030962580702285926,65.02141947480044,0.8570100901566455,0.8052135563837624,0.05179653377288318,0.051796533772871745,1.3214502986414622,0.10398828290874977,-0.49809971204481657,0.30920688175889743,0.3090320914405633,0.035453563791589725,0.0076880677983205935,0.027254910630565676,0.13956920918581084,2.5121069245956494e-11,2.941663843730999e-11,-4.825864366005078,0.5947273941165463,-0.05914534723314091,12.42676168998804,B,162.71864578260136,0.0,50.329998416703624,0.016273350234888503,50.313725066468734,50.3015519196685,
40,0.025,0.25439539592658433,0.00030962580702285924,65.02141947480044,0.8570100901566455,0.8052135563837624,0.05179653377288318,0.051796533772871745,1.3214502986414622,0.03288398239616087,-1.575129591935626,0.057613267399129454,0.05743248345263954,0.0035453563791589663,0.0007688067798320592,0.027254910630565676,0.13956920918581084,2.5121069245956494e-11,2.941663843730999e-11,-4.825864366005078,0.5947273941165463,-0.05914534723314091,12.42676168998804,B,162.71864578260136,0.0,9.375681623171586,0.0009287728743450261,9.37475285029724,9.346264202263919,
20,0.05,0.2606001616808913,0.03102401486556219,65.15043121768059,0.903550165273554,0.7988447314111937,0.10470543386236031,0.10470543386236786,1.3359584200301282,0.332779786859008,-0.3146388031876523,0.3765179568570459,0.3762518894846846,0.34992315655907935,0.07529161395389762,0.027501167430324706,0.14428591779397326,3.371237680550535e-11,1.752130715647668e-11,-4.878470024429987,0.5847154460391266,-0.06062853934248835,12.390943384173582,B,162.5986147026167,0.0,61.39999351687936,0.1786953212640994,61.22129819561526,61.35665826022293,
30,0.05,0.2606001616808913,0.0031024014865562188,65.15043121768059,0.903550165273554,0.7988447314111937,0.10470543386236031,0.10470543386236786,1.3359584200301282,0.10523420857398358,-0.9949752583424284,0.159874148939896,0.15933577135004712,0.034992315655907956,0.007529161395389763,0.027501167430324706,0.14428591779397326,3.371237680550535e-11,1.752130715647668e-11,-4.878470024429987,0.5847154460391266,-0.06062853934248835,12.390943384173582,B,162.5986147026167,0.0,26.007234954196896,0.011919809809995187,25.9953151443869,25.919680718353735,
40,0.05,0.2606001616808913,0.0003102401486556219,65.15043121768059,0.903550165273554,0.7988447314111937,0.10470543386236031,0.10470543386236786,1.3359584200301282,0.0332779786859008,-3.146388031876523,0.0008265026976597698,0.0008069120693549066,0.0034992315655907893,0.0007529161395389764,0.027501167430324706,0.14428591779397326,3.371237680550535e-11,1.752130715647668e-11,-4.878470024429987,0.5847154460391266,-0.06062853934248835,12.390943384173582,B,162.5986147026167,0.0,0.13514337966410142,0.0007551859766472328,0.1343881936874542,0.13195791683853209,
20,0.075,0.2668049274351982,0.03108621901119977,65.2810599235195,0.9514331718169764,0.7926916050699333,0.1587415667470431,0.15874156674703854,1.3508826202576376,0.3368344968870024,-0.471274671134103,0.31872230046563477,0.3181032067163442,0.34538870997236204,0.07373974463665052,0.027751846055541485,0.1491143339594451,3.800760764317515e-11,2.4129862129571154e-11,-4.9302784874895735,0.5751126134142197,-0.062101958260711854,12.355947395427222,B,162.48721088082212,0.0,51.948617975967906,0.16032032778755798,51.78829764818035,51.84785498319548,
30,0.075,0.2668049274351982,0.0031086219011199766,65.2810599235195,0.9514331718169764,0.7926916050699333,0.1587415667470431,0.15874156674703854,1.3508826202576376,0.10651642046798232,-1.4903013643305736,0.06807250696595098,0.06735454308368838,0.03453887099723621,0.00737397446366505,0.027751846055541485,0.1491143339594451,3.800760764317515e-11,2.4129862129571154e-11,-4.9302784874895735,0.5751126134142197,-0.062101958260711854,12.355947395427222,B,162.48721088082212,0.0,11.070134951634886,0.00922315707217591,11.06091179456271,10.953455499478292,
40,0.075,0.2668049274351982,0.00031086219011199767,65.2810599235195,0.9514331718169764,0.7926916050699333,0.1587415667470431,0.15874156674703854,1.3508826202576376,0.03368344968870024,-4.71274671134103,1.2219995396837754e-06,1.1220749119594623e-06,0.003453887099723624,0.000737397446366505,0.027751846055541485,0.1491143339594451,3.800760764317515e-11,2.4129862129571154e-11,-4.9302784874895735,0.5751126134142197,-0.062101958260711854,12.355947395427222,B,162.48721088082212,0.0,0.0009359600628164762,0.000737400765915611,0.00019855929690086517,0.0009197233173150308,
20,0.1,0.2730096931895052,0.031149193139198665,65.4133055923172,1.000663984690874,0.7867448459245594,0.21391913876631463,0.21391913876632107,1.3662091221924986,0.34100094254852237,-0.6273271187098706,0.26522241529757523,0.26412511463404414,0.340932796316125,0.07222513943442027,0.028006830778804948,0.15405445171878868,2.644284791131213e-11,2.6112445539183682e-11,-4.981303999801767,0.5658984137463534,-0.06356454192793137,12.321756349267773,B,162.38435717569118,0.0,43.21146384988249,0.1434924332015381,43.067971416680955,43.03298453391635,
30,0.1,0.2730096931895052,0.0031149193139198665,65.4133055923172,1.000663984690874,0.7867448459245594,0.21391913876631463,0.21391913876632107,1.3662091221924986,0.10783396627175533,-1.9837825331140204,0.023640044072795196,0.0230551022037465,0.03409327963161246,0.007222513943442027,0.028006830778804948,0.15405445171878868,2.644284791131213e-11,2.6112445539183682e-11,-4.981303999801767,0.5658984137463534,-0.06356454192793137,12.321756349267773,B,162.38435717569118,0.0,3.8466311003944367,0.007857740028580128,3.8387733603658565,3.751629973167912,
40,0.1,0.2730096931895052,0.00031149193139198665,65.4133055923172,1.000663984690874,0.7867448459245594,0.21391913876631463,0.21391913876632107,1.3662091221924986,0.03410009425485224,-6.273271187098705,1.7677016950180536e-10,1.4243810853960584e-10,0.0034093279631612506,0.0007222513943442027,0.028006830778804948,0.15405445171878868,2.644284791131213e-11,2.6112445539183682e-11,-4.981303999801767,0.5658984137463534,-0.06356454192793137,12.321756349267773,B,162.38435717569118,0.0,0.00072228009952954,0.0007222513948191977,2.8704710342388632e-08,0.0007222745244476374,
20,0.15,0.285419224698119,0.031277451342280396,65.68264781878884,1.1031875894511636,0.7754352906940412,0.3277522987571224,0.3277522987571293,1.398014947022386,0.3496572126053458,-0.937353176029155,0.17428845909012847,0.17206945622197045,0.33225732954352133,0.06930736902162869,0.028529276749122756,0.1642696127404346,3.3381636079693204e-11,3.734680289891826e-11,-5.081063267011615,0.5485602841353625,-0.06645350314887821,12.25571848224665,B,162.20386415943182,0.0,28.385398055270688,0.11513651245879947,28.270261542811888,28.024883728758013,
30,0.15,0.285419224698119,0.00312774513422804,65.68264781878884,1.1031875894511636,0.7754352906940412,0.3277522987571224,0.3277522987571293,1.398014947022386,0.11057131921386307,-2.964171008244875,0.0015174978776063572,0.0013877133858298163,0.033225732954352105,0.006930736902162869,0.028529276749122756,0.1642696127404346,3.3381636079693204e-11,3.734680289891826e-11,-5.081063267011615,0.5485602841353625,-0.06645350314887821,12.25571848224665,B,162.20386415943182,0.0,0.2531146591043514,0.006970639502863734,0.24614401960148766,0.23205970034752954,
40,0.15,0.285419224698119,0.000312774513422804,65.68264781878884,1.1031875894511636,0.7754352906940412,0.3277522987571224,0.3277522987571293,1.398014947022386,0.03496572126053458,-9.373531760291552,3.507260667628777e-21,1.5369257024940113e-21,0.003322573295435213,0.0006930736902162869,0.028529276749122756,0.1642696127404346,3.3381636079693204e-11,3.734680289891826e-11,-5.081063267011615,0.5485602841353625,-0.06645350314887821,12.25571848224665,B,162.20386415943182,0.0,0.0006930736902162874,0.0006930736902162869,5.688912329037763e-19,0.0006930736902162871,
20,0.2,0.2978287562067329,0.031408789474807415,65.95845789709557,1.2111563469390276,0.764849899558051,0.4463064473809766,0.44630644738099234,1.431270242858183,0.35872549141793225,-1.2441447793878924,0.10672314144617812,0.10358983458183307,0.3238961825193251,0.06653652495646935,0.02906766499251162,0.17493077578655153,2.8755664516211255e-11,3.2059857414337566e-11,-5.1778616391813586,0.5325611476444294,-0.06928902194957232,12.192687487199379,B,162.05606043991352,0.0,17.389134616632372,0.09400275609308997,17.295131860539282,16.880556863265625,
30,0.2,0.2978287562067329,0.003140878947480741,65.95845789709557,1.2111563469390276,0.764849899558051,0.4463064473809766,0.44630644738099234,1.431270242858183,0.11343896076438509,-3.9343312418734486,4.1714330961628756e-05,3.320892218778256e-05,0.03238961825193251,0.006653652495646933,0.02906766499251162,0.17493077578655153,2.8755664516211255e-11,3.2059857414337566e-11,-5.1778616391813586,0.5325611476444294,-0.06928902194957232,12.192687487199379,B,162.05606043991352,0.0,0.013414786193768373,0.006654726054240107,0.006760060139528266,0.012036214260538837,
40,0.2,0.2978287562067329,0.00031408789474807414,65.95845789709557,1.2111563469390276,0.764849899558051,0.4463064473809766,0.44630644738099234,1.431270242858183,0.03587254914179323,-12.441447793878922,7.782833909609335e-36,8.88591378391148e-37,0.003238961825193251,0.0006653652495646934,0.02906766499251162,0.17493077578655153,2.8755664516211255e-11,3.2059857414337566e-11,-5.1778616391813586,0.5325611476444294,-0.06928902194957232,12.192687487199379,B,162.05606043991352,0.0,0.0006653652495646934,0.0006653652495646934,1.2612554024494588e-33,0.0006653652495646934,
