lo,hi,v,kind,R,curvature
-126.1054772383327,-126.10547723833224,-126.10547723833247,max,"['0.2733499176547806164145616117521991451802387314682858187850245909712186', '0.2733499176547806164145635959849128670883906096525126906918804768652537']","['-0.0005023649939870359627384485828950867054503952542845893224833892984637257', '-0.0005023649939844744828311069243763221732465699575258557782360893509350346']"
-122.95543528928602,-122.95543528928556,-122.95543528928579,min,"['0.2723403528250575644525033336145649589555161752881058216266657154260286', '0.2723403528250667137139555630904740983531240136278403692702036626606483']","['0.0005016369524496810302304350928577188721879051664111908044985207897633774', '0.000501636952453195535605760892000184928812011311041538757910539479124153']"
-119.80794145041546,-119.807941450415,-119.80794145041523,max,"['0.2733499176547806164145616140250456382215745988329117643515382989101553', '0.2733499176547806164145635935795230061013912555964584210984749317157065']","['-0.0005051948945314813567813847354092292951017853551916134709923724374707387', '-0.0005051948945280789218309396727797623531416015158362736272507077793579906']"
-116.65398653483726,-116.6539865348368,-116.65398653483703,min,"['0.2723285534449354926247771870074732752651630071479747379264364541494492', '0.2723285534449440819081688770898420125545089622673994138241417782386445']","['0.0005074530842263052325545821128456925175858135824323236913380710027568663', '0.0005074530842297322671269356104753512587868408817642933432178019480945949']"
-113.51019183076323,-113.51019183076278,-113.510191830763,max,"['0.2733499176547806164145616128044663132694352367773086887623836376109338', '0.2733499176547806164145635947528319263603801069243739974728863214242577']","['-0.0005141423342013401689861464626391817007720170964807648544274355813820455', '-0.0005141423341983572526429756418212995206417960165129370737517647254226673']"
-110.35216913690965,-110.3521691369092,-110.35216913690942,min,"['0.2723040593409278496126780248577755516370667551185268113717181317844497', '0.2723040593409360617741437733210026967816588691533725696373572298684143']","['0.000519536988858135092615633892077579831584188549064824931928227996933814', '0.0005195369888613783199744672140240628781575625764780445592540983490545258']"
-107.21204508059827,-107.21204508059782,-107.21204508059805,max,"['0.2733499176547806164145616131775976577456211057438433098326588176800065', '0.2733499176547806164145635944078076707841274645436340653316519439896124']","['-0.0005296468485682193048562704216767710108685574857098379603095471916324428', '-0.0005296468485651685625880016131690398790412844813692364752956507781843508']"
-104.04973913563799,-104.04973913563754,-104.04973913563776,min,"['0.2722656398325273614611175939860490161614187084101704642336743556818175', '0.2722656398325358286009122196372275197164781473142875830760282504346836']","['0.0005384896130967662294154222225258752718826804814188426017608036770958618', '0.0005384896131001135340599607583254060916235496423157595195057688770584857']"
-100.91329782639468,-100.91329782639423,-100.91329782639446,max,"['0.2733499176547806164145616130543092525042416847190357112440334717471749', '0.2733499176547806164145635944841932602297479703504181824567465120939047']","['-0.0005524981550636942326521735449286885259895144875999113930021339093511105', '-0.0005524981550605511694836986395663260439387340492903009290911942601256996']"
-97.74642049917111,-97.74642049917065,-97.74642049917088,min,"['0.2722112743795855534686764928494163754781520080164542934249739143993295', '0.2722112743795944704704929757592593186967172905290698704732349225783775']","['0.00056529696166540414829557179028358274363134820230439172134124877858146', '0.000565296961668933637380118700924270189997787396616569263047157129049686']"
-94.6137147746881,-94.61371477468765,-94.61371477468788,max,"['0.2733499176547806164145616132324692203951593576188574565515258420730192', '0.2733499176547806164145635943273315675851842695667909575816192974634133']","['-0.0005839250080304138331275845010882861590220931950152879778580392859726472', '-0.0005839250080271969759743518313527871385508966139687016756428585469608136']"
-91.44188782940273,-91.44188782940228,-91.4418878294025,min,"['0.2721379151461613902392260273828665636929967058441812804026275624420535', '0.2721379151461702983830666161260779372919537056496399743634919282100652']","['0.0006014441543760826786550234994836760251533829367831697004020598671940576', '0.0006014441543796094489266487770384880800728340320546461928444771075421925']"
-88.31301306446221,-88.31301306446176,-88.31301306446198,max,"['0.2733499176547806164145616132089523009984028658671487295069986945448605', '0.2733499176547806164145635942779835602547100672625011119732795209466933']","['-0.0006257437747141480049926040432116613485866752486153721903917405443730429', '-0.0006257437747107454109390629062588117613244231414809059915525013774049172']"
-85.13574282353147,-85.13574282353102,-85.13574282353125,min,"['0.2720410974416793752101979407278532248879660516115466662560834699877425', '0.2720410974416886582457392873890921002355242832531868900802220253356879']","['0.0006491019214210468551734822825824272508439875168135799924110671020954704', '0.0006491019214247269991184391440943182664558769848126767785698504065680212']"
-82.0108404262146,-82.01084042621414,-82.01084042621437,max,"['0.2733499176547806164145616130010167326560595945323924722949695923703584', '0.273349917654780616414563594658739113339407869841913860680009376167571']","['-0.0006805995219702945196848885551783366738810724428748676928893365389973022', '-0.0006805995219667113544032967733499858257396010891144307989564668126581347']"
-78.82748053553496,-78.8274805355345,-78.82748053553473,min,"['0.2719143059875825140098205785471871390837849669569277657524466885058885', '0.2719143059875922903268054657467762463483724574938747325422773362609204']","['0.0007114285401150646863558038410576784650068089954347893881999557712398255', '0.0007114285401189306770733054364977877673567027924206623488117487840484008']"
-75.70674326283006,-75.7067432628296,-75.70674326282983,max,"['0.2733499176547806164145616133471509580107849092484456409865287058547961', '0.2733499176547806164145635944734365457895181744395575754433097914698935']","['-0.0007523590637924265753208990611810402514012804169005919055003629666833264', '-0.0007523590637885631177312324333990326921549818649921181340744167134223665']"
-72.51643879173253,-72.51643879173207,-72.5164387917323,min,"['0.2717479276186027123621941136407263263509096836668399840612851942306812', '0.2717479276186131615406775138391990416904911829730763038524066238855244']","['0.0007930656588268498556054650366079680997835598980053464494995270911543936', '0.0007930656588309972386613593353326207089377593878204212187029615276571945']"
-69.40011800756656,-69.4001180075661,-69.40011800756633,max,"['0.2733499176547806164145616129189440035382906802258311937604385441179967', '0.2733499176547806164145635947455331394728018870057672037591072714781013']","['-0.0008467663795998363225049538621025346753315280514930499605842495737841896', '-0.0008467663795956941944218799079271790218763599952080608897591989973978546']"
-66.20171900163905,-66.2017190016386,-66.20171900163882,min,"['0.2715274677146564887173405823047038461743581410986495620603289095083586', '0.2715274677146680221525117388296084707032979443630349446410242060838933']","['0.0009009757735172305150203679327297463544652520084251521200698589804954506', '0.0009009757735218157710163306644024642921801319470116215439259892283179583']"
-63.09013382034027,-63.090133820339815,-63.09013382034004,max,"['0.2733499176547806164145616126863526215346516161636400403811129572486023', '0.2733499176547806164145635948470562990953101498742847834219030198225835']","['-0.000972573903907675611432007139488319387368792330857014964588753199014105', '-0.0009725739039031632407446896824574444491605796605606935178718551950039633']"
-59.88205641684954,-59.88205641684908,-59.88205641684931,min,"['0.2712303850328259016356571200230021543134854306865679108095900678728403', '0.2712303850328378574481095392743465593657425155455141769109016755324205']","['0.001045912571497387210434029331700301426750130742842721073556742470682023', '0.001045912571502135901941287460889592364268401218929668161323196939534249']"
-56.775604002582895,-56.77560400258244,-56.77560400258267,max,"['0.2733499176547806164145616131502455973983215641463570117956882627931815', '0.2733499176547806164145635946003809597523266653037861633162087131513994']","['-0.001143584781185874178549421264515509840712954419435947742914012615897042', '-0.001143584781181184298354913860962662289110192248410723739723202318715819']"
-53.55559632050927,-53.55559632050881,-53.55559632050904,min,"['0.2708201732754437331353160120935767354552067649176259792203078871979135', '0.2708201732754566145936998000685215478632293986586259683957453157729674']","['0.001245131419144878446862933241993854055692617160562433066833706030724284', '0.00124513141914999083650093071777373214411549367719032360663715752006223']"
-50.45476056803318,-50.454760568032725,-50.45476056803295,max,"['0.2733499176547806164145616133267035035426665249202019883091667449909253', '0.2733499176547806164145635944657117137059531835940732512301463919420968']","['-0.001382552126166368394738790727965936414923581167336427802695965317946689', '-0.001382552126161293107427083519239448966838705829291457895329501753202417']"
-47.219483375256004,-47.21948337525555,-47.21948337525578,min,"['0.270234545193538097750760912693886837855777522172861554906208473841367', '0.2702345451935521609593929957826730601597278500680111615016108350570183']","['0.001527696820737571648915542491824148112764847107387475273251517101653393', '0.001527696820743117913720467571440807617693726546686964417166487594581217']"
-44.12483315965801,-44.1248331596571,-44.124833159657555,max,"['0.2733499176547806164145616005653204362524209516525358794810016749473062', '0.2733499176547806164145636072906261377649049962899334312336837002834019']","['-0.001729163605860870317487880570067187277121638570947887748285305607133315', '-0.001729163605849695940821066076950183129529113958627662428452243747298016']"
-40.86904760441848,-40.869047604417574,-40.86904760441803,min,"['0.2693597942890950010947918023931592364127758332165182959986368024579769', '0.2693597942891269630557167744120620795033687186163153858187668403444802']","['0.001945687076583297985643703225571121686279350006259034116306822559172638', '0.001945687076595888926313176517330906914143808710890534059824309632085828']"
-37.78119730042545,-37.78119730042454,-37.78119730042499,max,"['0.273349917654780616414561599637742165531799610759291836087753606929675', '0.2733499176547806164145636065670057629791919542761208458259447648018836']","['-0.002257916569934733474195494632817622567493239507809070185599247135070997', '-0.002257916569921205289304535430918525467361266389420863732479173590287887']"
-34.49601820744465,-34.49601820744374,-34.496018207444195,min,"['0.2679687400917330016144358115724662773684722428746569853057253259530151', '0.2679687400917705957944960845496443185198345247793593631764242244419764']","['0.002600228139394797763278828753753265249008065763661017871378022931684331', '0.002600228139409660061016334737556010122128932524437957082989047884800433']"
-31.415461624372256,-31.415461624371346,-31.4154616243718,max,"['0.2733499176547806164145615969112454740943930551266163570751635047062865', '0.2733499176547806164145636074105891136295260421926600433759337764129756']","['-0.003123134442154066928622290420644488915791714537636083767409270916004756', '-0.003123134442137840338252335018196573555324293336193517038280916726872213']"
-28.084005515680474,-28.084005515679564,-28.08400551568002,min,"['0.2655460344470389393893952553185981332404536702403150226577717269037147', '0.2655460344470840766147592468099052695481380242997772222835174472492234']","['0.003710125110176545187589278183160088104627942731527297017478798530859791', '0.00371012511019440114797003186554642647845625061271782041689126558394038']"
-25.010499386952688,-25.01049938695178,-25.010499386952233,max,"['0.2733499176547806164145615974260666256259534018873292080138823241573501', '0.2733499176547806164145636074214274537742066314336617682698381479661002']","['-0.004692580978042768496344468892945557661686717687047608314050850579335731', '-0.004692580978022807782862837095148511574428348851382433961210427634956979']"
-21.594276993168933,-21.594276993168023,-21.594276993168478,min,"['0.2606706961947683993044726985477948350076453018395798120671401687040798', '0.2606706961948249070304248548284547689098620785097019996858814041742491']","['0.005827165572687879407766644174744620800186779983371756873856619458345773', '0.005827165572710381372859551058549883382032775410943353351639054964983016']"
-18.52433420143916,-18.52433420143825,-18.524334201438705,max,"['0.2733499176547806164145615949997464989457563357171479226777702175309943', '0.2733499176547806164145636077950305820368336019356312725479816033512451']","['-0.008057533044663195106125347366618503075338096756488885095698104407665027', '-0.008057533044635273560503143509259295684408949565157853528082248738060845']"
-14.898507660434007,-14.898507660433097,-14.898507660433552,min,"['0.2477413426568132739927819222546640399364013754180079464716303984465946', '0.247741342656893802529198929195891965493277523513636319587864119310455']","['0.01070011051075637836510186144713889474833361476333173997775388819215567', '0.01070011051078957475783961264239560924009442438222342231482787263516743']"
-11.811764924945237,-11.811764924944328,-11.811764924944782,max,"['0.2733499176547806164145615948138436559729781102642576274108097593214348', '0.2733499176547806164145636110930049367219089855487978869007855748971517']","['-0.01813589526769288328133323396653668055320774339134290522479909652311645', '-0.01813589526764623618408175318862640069593555982607714780013153539312141']"
-4.084227962423363,-4.0842279624233555,-4.084227962423359,min,"['0.1174389046546282832881875403816275911660819857530364749354607590420959', '0.1174389046546341598752701648164603849229495509350914005090900052584591']","['0.005451852091323977270593289751609315822896794708885274037726421958065788', '0.005451852091351019439740612561507139534210859491783507444951282163734704']"
7.289870157511359,7.289870157512269,7.289870157511814,max,"['0.2733499176547806164145615975465243163164792707815652674723977629206448', '0.2733499176547806164145636030859472744222194426215238096073345054976772']","['-0.01455315053206725455625642226958434751348138827601047712379164457669397', '-0.0145531505320005288150230349222364018201289040528185390743427144320124']"
12.435352139474162,12.435352139475071,12.435352139474617,min,"['0.1174389046545156672402331689394833484881834712896116862463350520885893', '0.117438904654746775923224491689245166426030611954328559933254233593582']","['0.0391369117608033218581844806811973189826932438643864420674134407590383', '0.03913691176088651626978979817883342398909037637543996473420307176105805']"
17.44243821092732,17.44243821092823,17.442438210927776,max,"['0.2733499176547806164145615881869991707730899644125104025275443169952216', '0.2733499176547806164145636075343236243848951352888268392640200587546868']","['-0.0203493305492978534740228879300098661932274495128058006212426832053373', '-0.02034933054924874280847875502360250784608957161256579750951230585172793']"
20.43109330997686,20.43109330997777,20.431093309977314,min,"['0.2460043548501171615227535079082883484026815527402524214735221018726994', '0.2460043548501998131960101249766348331127602552199013902950059116068731']","['0.01226727804138738217264455599519610765353564901502454029876457457725112', '0.01226727804142069301858005425426959810407558527317459389233643515652463']"
24.025864343961075,24.025864343961985,24.02586434396153,max,"['0.2733499176547806164145615913197958795022120795267540466957485135013037', '0.2733499176547806164145636072926616731708785779216503348335671256956835']","['-0.008477715662683483966301556670287158976273238770915618204401714791323228', '-0.008477715662655417587397809155747976321366346128564927891181799101255175']"
27.05707501458619,27.0570750145871,27.057075014586644,min,"['0.2601913571765663848942965931695349645013016174435509485369170118979359', '0.2601913571766234163048472145278990351547352399988938442288879288699266']","['0.00620351343978109532500835969489724303767265095468372236212042422933413', '0.006203513439803776854821053704658195599714013108781928968164153531137714']"
30.46723307027878,30.46723307027969,30.467233070279235,max,"['0.2733499176547806164145615955640317355873406118353146126659828950617689', '0.2733499176547806164145636074544499668994768246936862145799463605882257']","['-0.004843566456872520728210988661385885756279802118625423434821708174963359', '-0.00484356645685262301871164133173342722705709067934225887660595587526024']"
33.52022316049897,33.52022316049988,33.52022316049943,min,"['0.2653440508856257759035084798883712933358443465856459550575341142160697', '0.2653440508856712556926962402105547687365878339151964587720392791374339']","['0.003852896980722859198768191804614287922872562413674480655405718253277758', '0.003852896980740903193068431354843901522146766811739402801907257171950787']"
36.850985675603624,36.850985675604534,36.85098567560408,max,"['0.2733499176547806164145615975148512587018329009009342180872564039051614', '0.2733499176547806164145636076562181450954828328794100228080479542875903']","['-0.003194988032137602736070950463045515758766704279050228909512582149485955', '-0.003194988032121493219100593128258527099994204876268076977366555579012429']"
39.91887833934834,39.91887833934925,39.918878339348794,min,"['0.2678637445413765105814648162655605064718777880609960516979269584466574', '0.267863744541413971471661032688940503344480580404256251357027664953122']","['0.00266910274170257707413072041958815651398081492235443137491755982627819', '0.002669102741717435671375018089237639294430566928300333544851096395437074']"
43.20494049062927,43.20494049063018,43.204940490629724,max,"['0.2733499176547806164145615981277251190209857128088906985606381624370646', '0.2733499176547806164145636066653365495027756661113542995698523832364101']","['-0.002297951232821046257759041910881303322931048524000135853366717713597017', '-0.00229795123280721024819498530788981993580454273020367368049724357014394']"
46.28418222385881,46.284182223859716,46.28418222385926,min,"['0.2692979442855314104907094457891749028271730510662251134875108239216146', '0.2692979442855638484303175826929195375433196894803883851238005313684834']","['0.001984160951469381063776400457129011182580810559518283727533959928529858', '0.001984160951482246609148587095966638589759691004058751783793012374995765']"
49.541346078648075,49.54134607864853,49.5413460786483,max,"['0.2733499176547806164145616129909288613018697174679548286718256475789686', '0.2733499176547806164145635946968667153736033499171039882496615268805075']","['-0.001753821589122504850062615825205277840560991840954105588829513732452416', '-0.001753821589116647436340737537135386830957456554919785828939471382047495']"
52.62973701946885,52.6297370194693,52.629737019469076,min,"['0.2701949772672287823085482898740057211522434430970007756039560306301185', '0.2701949772672428913742151480447692053939420074408690512799833735922038']","['0.00155138434017118718253706958024732062399533203788943172555963338410588', '0.001551384340176783065306240916273681815575596578950689419688594346295633']"
55.86652143489755,55.866521434898004,55.86652143489778,max,"['0.2733499176547806164145616126029423740641629040889073547962135132682856', '0.2733499176547806164145635947354975556549121882580447176363087756801723']","['-0.001398819618388492142677671056752070354802508921962723471964547176247898', '-0.001398819618383271240408969692913372214258737149002031125506544809340124']"
58.96257198251624,58.96257198251669,58.962571982516465,min,"['0.2707933511784741833545930892677165955736561760449349717338927873631605', '0.2707933511784872088298388638581467405641785510582729833298029613954558']","['0.001260742070323419522843172731397914598800537795797107190516690213917629', '0.001260742070328590469681576487804710816491252466683943913384025017224799']"
62.18408301897898,62.184083018979436,62.18408301897921,max,"['0.2733499176547806164145616123481818150593888633352068327952659819675193', '0.2733499176547806164145635951549392056782623862110837374331248485826543']","['-0.001154859051277360148753256081131933968367514290280263712522144919378867', '-0.001154859051272429521058513381212809658891971728185179367956146712016642']"
65.28673095903423,65.28673095903468,65.28673095903446,min,"['0.2712114221254714880572753048128673375663731209883575671984582638979383', '0.2712114221254829709207250421243065498901196100615889202024475859514504']","['0.001056718463445724622622092557822877672386940345410851425448363039138028', '0.001056718463450282213083528230273819729518917638090081775151676412343991']"
68.49626149591677,68.49626149591722,68.496261495917,max,"['0.2733499176547806164145616135228462101620189142850592106597916955732091', '0.2733499176547806164145635943127845726181490483306703597812178737468759']","['-0.0009806749708566508878062465016897508568078020811011890878958232659291301', '-0.0009806749708526024204159326113208369582405321045234441564470035549715371']"
71.60472440265085,71.6047244026513,71.60472440265107,min,"['0.2715136412897257575915631129465865767748944194213067477700118081914906', '0.2715136412897362677355119926073402058628630297662976208109109866802448']","['0.0009087291284469184656446504362875910540744495351802986041576609845679475', '0.000908729128451035096978803834349774949474249107045500485957789717090739']"
74.80451438081309,74.80451438081354,74.80451438081332,max,"['0.2733499176547806164145616133992440952806596297000533070578650746971976', '0.2733499176547806164145635941548726088605800222230886270334922055492423']","['-0.0008527426948508150197873035284478927726195314869238055132064545694958233', '-0.000852742694847089456761984365750372161737630122394256496929257795146044']"
77.91820407111527,77.91820407111572,77.9182040711155,min,"['0.2717376210469222071356627774802285057428916342703342902341297196585499', '0.2717376210469321304192516049106462683494881251625625436572447292504576']","['0.0007987741884890391711787246803415999033332042032487034482870121872190565', '0.0007987741884929289934773388642956079598544722647500117685172116378132847']"
81.109839562675,81.10983956267546,81.10983956267523,max,"['0.2733499176547806164145616133280568442995874430885129338091971157297539', '0.2733499176547806164145635945620178565173378192553407141202678654476988']","['-0.0007568493265565297976496154958117503794877007980318649303266946824988923', '-0.0007568493265528578599355309734498303413550627596778854109060305383949554']"
84.22830900886174,84.2283090088622,84.22830900886197,min,"['0.2719065109209773211142052839463737605621907372880494589632945589243226', '0.2719065109209870638296961854922060736295108289367734217639637328943432']","['0.0007157047874104027533220490170623603572006213737326252418392178102695047', '0.0007157047874142253504745582041702484644532913644952328744165435396136232']"
87.41294794161377,87.41294794161422,87.412947941614,max,"['0.2733499176547806164145616133176713877914742761579840940868326244875699', '0.2733499176547806164145635945859012188061720167944119951538230743165117']","['-0.0006840100914753113376807805113941791036404880242301399876366067242946479', '-0.0006840100914720009860919401520835925490566522665017404104489776885609291']"
90.53585678430773,90.53585678430818,90.53585678430795,min,"['0.2720351605256234679892806930255325619600477127103788549209369934688129', '0.2720351605256323308172907171856441360989148042194832795114097636157346']","['0.0006523345756768235315691095615526312450791138950111904260764589620999131', '0.0006523345756802961904894473036371088071506349488180256770695945190360837']"
93.71436426063474,93.7143642606352,93.71436426063497,max,"['0.2733499176547806164145616128733031297295508321248341363603568570985771', '0.2733499176547806164145635947039979117548425819897234777466804484524064']","['-0.0006283419099374841834017160421475138803104188071322511276909104135392047', '-0.0006283419099341958682696633694418606115256398622393877110394830848244178']"
96.8414557343799,96.84145573438036,96.84145573438013,min,"['0.2721334008901680126038938536035583019091911082984882265512164210462085', '0.2721334008901766067978945835115245276570299596766719482639824445640536']","['0.0006038879509974807862661931595137049608353946896080354753132532972209752', '0.0006038879510008473947238650716786147261695730815616568262770652009089577']"
100.01448899199704,100.0144889919975,100.01448899199727,max,"['0.2733499176547806164145616129644261898673845634637028918667672632931156', '0.273349917654780616414563594651649419236280778722361441359385470391836']","['-0.0005858906631429214251812904369539421199644365894674676244388503363287558', '-0.0005858906631398177049716513642683214070236281132260869220980456909400156']"
103.14557425994872,103.14557425994917,103.14557425994894,min,"['0.272207887149336168385500290866518242320505028311282105468826272011835', '0.2722078871493441983078297224371982469616910027396728746470509021607846']","['0.0005671224928782191153996279903885969991056607079169016382534701328882958', '0.0005671224928813468131259508128261420025745356632931215485706253273172053']"
106.31363802726673,106.31363802726719,106.31363802726696,max,"['0.273349917654780616414561612910740185662258550724710557899755465231715', '0.2733499176547806164145635947286261806667788891614149427050699914733546']","['-0.0005539540411931028040077735190378162067851917386426079841548246504098049', '-0.0005539540411901670811980634018827752543961402457862205191113312830813551']"
109.44858558429087,109.44858558429132,109.4485855842911,min,"['0.2722631777458082912835514255616929182135462140723230661833751553932911', '0.2722631777458161430404486134529473043158292793042409292258360925171685']","['0.000539812123877084591091616995791462216049333739400402444990056233473237', '0.0005398121238801242493509534191131272810423647076540144683259381536550487']"
112.61206921825851,112.61206921825897,112.61206921825874,max,"['0.2733499176547806164145616127503789039449446027477166565820041156074809', '0.273349917654780616414563594835892895884948629669884640650218969099472']","['-0.0005306764554777564772656750773190810812732288228046523115703588942693138', '-0.0005306764554749446455470954024636486398136744359620511698543550933820644']"
115.75079795780948,115.75079795780994,115.75079795780971,min,"['0.2723023863082273711146192787100349576226178808456347196304783723863568', '0.2723023863082350972275992769468230271369732050168896611780275749005731']","['0.0005204335243042742529121642563467220010088524892601388078669471410056339', '0.0005204335243072390114938447755608784814905318622876058537188800941273083']"
118.9100009136555,118.91000091365595,118.91000091365572,max,"['0.273349917654780616414561612547879657472722912172888134808831519464027', '0.2733499176547806164145635949775616155925519179592179120230527642035846']","['-0.0005148009296974727625508986163466580392672050151412974955485109549437016', '-0.000514800929694947433097463270366564074882938455204586389239981173873286']"
122.05247601939027,122.05247601939072,122.0524760193905,min,"['0.2723275820810883255223261320285575093151260647909481317558876985413312', '0.2723275820810950062190167222658066155651400188062386417731025085540508']","['0.0005079728176484396940368711010584022697778944911239506016001932295508788', '0.0005079728176509092918454271774423062259444058805657361299686901544604508']"
125.20762556653153,125.20762556653199,125.20762556653176,max,"['0.2733499176547806164145616107767197934008152329155314907171844186111445', '0.2733499176547806164145635970418132974986762275057669148606031980896938']","['-0.0005055161977381742531513247443307419269484324750623506312887874749161355', '-0.0005055161977364630382823320076022646411016302296928599798703363575476996']"
128.3538567603282,128.35385676032865,128.35385676032843,min,"['0.2723400342771735828447067125914608817535837430914293742417960424638912', '0.2723400342771778318606737002162334824507907116931481980881365471390805']","['0.0005018072656446545234400396184265720839027165529098226654694619561361629', '0.0005018072656463558850613321097178127028796283442340066763235675067679033']"
